id;montant_eur;date_intervention;statut;responsable;piece_jointe;commentaire
X-0001;1;2025-01-01;ouvert;Equipe-01;pieces-jointes/piece-factice-01.txt;
X-0002;2;2025-01-02;ouvert;Equipe-02;pieces-jointes/piece-factice-02.txt;
X-0003;3;2025-01-03;ouvert;Equipe-03;pieces-jointes/piece-factice-03.txt;
X-0004;4;2025-01-04;ouvert;Equipe-04;pieces-jointes/piece-factice-04.txt;
X-0005;5;2025-01-05;ouvert;Equipe-05;pieces-jointes/piece-factice-05.txt;
X-0006;6;2025-01-06;ouvert;Equipe-06;pieces-jointes/piece-factice-06.txt;
X-0007;7;2025-01-07;ouvert;Equipe-07;pieces-jointes/piece-factice-07.txt;
X-0008;8;2025-01-08;ouvert;Equipe-01;pieces-jointes/piece-factice-08.txt;
X-0009;9;2025-01-09;ouvert;Equipe-02;pieces-jointes/piece-factice-09.txt;
X-0010;10;2025-01-10;ouvert;Equipe-03;pieces-jointes/piece-factice-10.txt;
X-0011;11;2025-01-11;clos;Equipe-04;;
X-0012;12;2025-01-12;ouvert;Equipe-05;;
X-0013;13;2025-01-13;ouvert;Equipe-06;;
X-0014;14;2025-01-14;ouvert;Equipe-07;;
X-0015;15;2025-01-15;ouvert;Equipe-01;;
X-0016;16;2025-01-16;ouvert;Equipe-02;;
X-0017;17;2025-01-17;ouvert;Equipe-03;;
X-0018;18;2025-01-18;ouvert;Equipe-04;;
X-0019;19;2025-01-19;ouvert;Equipe-05;;
X-0020;20;2025-01-20;ouvert;Equipe-06;;
X-0021;21;2025-01-21;ouvert;Equipe-07;;
X-0022;22;2025-01-22;clos;Equipe-01;;
X-0023;23;2025-01-23;ouvert;Equipe-02;;
X-0024;24;2025-01-24;ouvert;Equipe-03;;
X-0025;25;2025-01-25;ouvert;Equipe-04;;
X-0026;26;2025-01-26;ouvert;Equipe-05;;
X-0027;27;2025-01-27;ouvert;Equipe-06;;
X-0028;28;2025-01-28;ouvert;Equipe-07;;
X-0029;29;2025-02-01;ouvert;Equipe-01;;
X-0030;30;2025-02-02;ouvert;Equipe-02;;
X-0031;31;2025-02-03;ouvert;Equipe-03;;
X-0032;32;2025-02-04;ouvert;Equipe-04;;
X-0033;33;2025-02-05;clos;Equipe-05;;
X-0034;34;2025-02-06;ouvert;Equipe-06;;
X-0035;35;2025-02-07;ouvert;Equipe-07;;
X-0036;36;2025-02-08;ouvert;Equipe-01;;
X-0037;37;2025-02-09;ouvert;Equipe-02;;
X-0038;38;2025-02-10;ouvert;Equipe-03;;
X-0039;39;2025-02-11;ouvert;Equipe-04;;
X-0040;40;2025-02-12;ouvert;Equipe-05;;
X-0041;41;2025-02-13;ouvert;Equipe-06;;
X-0042;42;2025-02-14;ouvert;Equipe-07;;
X-0043;43;2025-02-15;ouvert;Equipe-01;;
X-0044;44;2025-02-16;clos;Equipe-02;;
X-0045;45;2025-02-17;ouvert;Equipe-03;;
X-0046;46;2025-02-18;ouvert;Equipe-04;;
X-0047;47;2025-02-19;ouvert;Equipe-05;;
X-0048;48;2025-02-20;ouvert;Equipe-06;;
X-0049;49;2025-02-21;ouvert;Equipe-07;;
X-0050;50;2025-02-22;ouvert;Equipe-01;;
X-0051;51;2025-02-23;ouvert;Equipe-02;;
X-0052;52;2025-02-24;ouvert;Equipe-03;;
X-0053;53;2025-02-25;ouvert;Equipe-04;;
X-0054;54;2025-02-26;ouvert;Equipe-05;;
X-0055;55;2025-02-27;clos;Equipe-06;;
X-0056;56;2025-02-28;ouvert;Equipe-07;;
X-0057;57;2025-03-01;ouvert;Equipe-01;;
X-0058;58;2025-03-02;ouvert;Equipe-02;;
X-0059;59;2025-03-03;ouvert;Equipe-03;;
X-0060;60;2025-03-04;ouvert;Equipe-04;;
X-0061;61;2025-03-05;ouvert;Equipe-05;;
X-0062;62;2025-03-06;ouvert;Equipe-06;;
X-0063;63;2025-03-07;ouvert;Equipe-07;;
X-0064;64;2025-03-08;ouvert;Equipe-01;;
X-0065;65;2025-03-09;ouvert;Equipe-02;;
X-0066;66;2025-03-10;clos;Equipe-03;;
X-0067;67;2025-03-11;ouvert;Equipe-04;;
X-0068;68;2025-03-12;ouvert;Equipe-05;;
X-0069;69;2025-03-13;ouvert;Equipe-06;;
X-0070;70;2025-03-14;ouvert;Equipe-07;;
X-0071;71;2025-03-15;ouvert;Equipe-01;;
X-0072;72;2025-03-16;ouvert;Equipe-02;;
X-0073;73;2025-03-17;ouvert;Equipe-03;;
X-0074;74;2025-03-18;ouvert;Equipe-04;;
X-0075;75;2025-03-19;ouvert;Equipe-05;;
X-0076;76;2025-03-20;ouvert;Equipe-06;;
X-0077;77;2025-03-21;clos;Equipe-07;;
X-0078;78;2025-03-22;ouvert;Equipe-01;;
X-0079;79;2025-03-23;ouvert;Equipe-02;;
X-0080;80;2025-03-24;ouvert;Equipe-03;;
X-0081;81;2025-03-25;ouvert;Equipe-04;;
X-0082;82;2025-03-26;ouvert;Equipe-05;;
X-0083;83;2025-03-27;ouvert;Equipe-06;;
X-0084;84;2025-03-28;ouvert;Equipe-07;;
X-0085;85;2025-04-01;ouvert;Equipe-01;;
X-0086;86;2025-04-02;ouvert;Equipe-02;;
X-0087;87;2025-04-03;ouvert;Equipe-03;;
X-0088;88;2025-04-04;clos;Equipe-04;;
X-0089;89;2025-04-05;ouvert;Equipe-05;;
X-0090;90;2025-04-06;ouvert;Equipe-06;;
X-0091;91;2025-04-07;ouvert;Equipe-07;;
X-0092;92;2025-04-08;ouvert;Equipe-01;;
X-0093;93;2025-04-09;ouvert;Equipe-02;;
X-0094;94;2025-04-10;ouvert;Equipe-03;;
X-0095;95;2025-04-11;ouvert;Equipe-04;;
X-0096;96;2025-04-12;ouvert;Equipe-05;;
X-0097;97;2025-04-13;ouvert;Equipe-06;;"Contrôle manuel demandé ; donnée entièrement fictive"
X-0098;98;2025-04-14;ouvert;Equipe-07;;
X-0099;99;2025-04-15;clos;Equipe-01;;
X-0100;100;2025-04-16;ouvert;Equipe-02;;
X-0101;101;2025-04-17;ouvert;Equipe-03;;
X-0102;102;2025-04-18;ouvert;Equipe-04;;
X-0103;103;2025-04-19;ouvert;Equipe-05;;
X-0104;104;2025-04-20;ouvert;Equipe-06;;
X-0105;105;2025-04-21;ouvert;Equipe-07;;
X-0106;106;2025-04-22;ouvert;Equipe-01;;
X-0107;107;2025-04-23;ouvert;Equipe-02;;
X-0108;108;2025-04-24;ouvert;Equipe-03;;
X-0109;109;2025-04-25;ouvert;Equipe-04;;
X-0110;110;2025-04-26;clos;Equipe-05;;
X-0111;111;2025-04-27;ouvert;Equipe-06;;
X-0112;112;2025-04-28;ouvert;Equipe-07;;
X-0113;113;2025-05-01;ouvert;Equipe-01;;
X-0114;114;2025-05-02;ouvert;Equipe-02;;
X-0115;115;2025-05-03;ouvert;Equipe-03;;
X-0116;116;2025-05-04;ouvert;Equipe-04;;
X-0117;117;2025-05-05;ouvert;Equipe-05;;
X-0118;118;2025-05-06;ouvert;Equipe-06;;
X-0119;119;2025-05-07;ouvert;Equipe-07;;
X-0120;120;2025-05-08;ouvert;Equipe-01;;
X-0121;121;2025-05-09;clos;Equipe-02;;
X-0122;122;2025-05-10;ouvert;Equipe-03;;
X-0123;123;2025-05-11;ouvert;Equipe-04;;
X-0124;124;2025-05-12;ouvert;Equipe-05;;
X-0125;125;2025-05-13;ouvert;Equipe-06;;
X-0126;126;2025-05-14;ouvert;Equipe-07;;
X-0127;127;2025-05-15;ouvert;Equipe-01;;
X-0128;128;2025-05-16;ouvert;Equipe-02;;
X-0129;129;2025-05-17;ouvert;Equipe-03;;
X-0130;130;2025-05-18;ouvert;Equipe-04;;
X-0131;131;2025-05-19;ouvert;Equipe-05;;
X-0132;132;2025-05-20;clos;Equipe-06;;
X-0133;133;2025-05-21;ouvert;Equipe-07;;
X-0134;134;2025-05-22;ouvert;Equipe-01;;
X-0135;135;2025-05-23;ouvert;Equipe-02;;
X-0136;136;2025-05-24;ouvert;Equipe-03;;
X-0137;137;2025-05-25;ouvert;Equipe-04;;
X-0138;138;2025-05-26;ouvert;Equipe-05;;
X-0139;139;2025-05-27;ouvert;Equipe-06;;
X-0140;140;2025-05-28;ouvert;Equipe-07;;
X-0141;141;2025-06-01;ouvert;Equipe-01;;
X-0142;142;2025-06-02;ouvert;Equipe-02;;
X-0143;143;2025-06-03;clos;Equipe-03;;
X-0144;144;2025-06-04;ouvert;Equipe-04;;
X-0145;145;2025-06-05;ouvert;Equipe-05;;
X-0146;146;2025-06-06;ouvert;Equipe-06;;
X-0147;147;2025-06-07;ouvert;Equipe-07;;
X-0148;148;2025-06-08;ouvert;Equipe-01;;
X-0149;149;2025-06-09;ouvert;Equipe-02;;
X-0150;150;2025-06-10;ouvert;Equipe-03;;
X-0151;151;2025-06-11;ouvert;Equipe-04;;
X-0152;152;2025-06-12;ouvert;Equipe-05;;
X-0153;153;2025-06-13;ouvert;Equipe-06;;
X-0154;154;2025-06-14;clos;Equipe-07;;
X-0155;155;2025-06-15;ouvert;Equipe-01;;
X-0156;156;2025-06-16;ouvert;Equipe-02;;
X-0157;157;2025-06-17;ouvert;Equipe-03;;
X-0158;158;2025-06-18;ouvert;Equipe-04;;
X-0159;159;2025-06-19;ouvert;Equipe-05;;
X-0160;160;2025-06-20;ouvert;Equipe-06;;
X-0161;161;2025-06-21;ouvert;Equipe-07;;
X-0162;162;2025-06-22;ouvert;Equipe-01;;
X-0163;163;2025-06-23;ouvert;Equipe-02;;
X-0164;164;2025-06-24;ouvert;Equipe-03;;
X-0165;165;2025-06-25;clos;Equipe-04;;
X-0166;166;2025-06-26;ouvert;Equipe-05;;
X-0167;167;2025-06-27;ouvert;Equipe-06;;
X-0168;168;2025-06-28;ouvert;Equipe-07;;
X-0169;169;2025-07-01;ouvert;Equipe-01;;
X-0170;170;2025-07-02;ouvert;Equipe-02;;
X-0171;171;2025-07-03;ouvert;Equipe-03;;
X-0172;172;2025-07-04;ouvert;Equipe-04;;
X-0173;173;2025-07-05;ouvert;Equipe-05;;
X-0174;174;2025-07-06;ouvert;Equipe-06;;
X-0175;175;2025-07-07;ouvert;Equipe-07;;
X-0176;176;2025-07-08;clos;Equipe-01;;
X-0177;177;2025-07-09;ouvert;Equipe-02;;
X-0178;178;2025-07-10;ouvert;Equipe-03;;
X-0179;179;2025-07-11;ouvert;Equipe-04;;
X-0180;180;2025-07-12;ouvert;Equipe-05;;
X-0181;181;2025-07-13;ouvert;Equipe-06;;
X-0182;182;2025-07-14;ouvert;Equipe-07;;
X-0183;183;2025-07-15;ouvert;Equipe-01;;
X-0184;184;2025-07-16;ouvert;Equipe-02;;
X-0185;185;2025-07-17;ouvert;Equipe-03;;
X-0186;186;2025-07-18;ouvert;Equipe-04;;
X-0187;187;2025-07-19;clos;Equipe-05;;
X-0188;188;2025-07-20;ouvert;Equipe-06;;
X-0189;189;2025-07-21;ouvert;Equipe-07;;
X-0190;190;2025-07-22;ouvert;Equipe-01;;
X-0191;191;2025-07-23;ouvert;Equipe-02;;
X-0192;192;2025-07-24;ouvert;Equipe-03;;
X-0193;193;2025-07-25;ouvert;Equipe-04;;
X-0194;194;2025-07-26;ouvert;Equipe-05;;"Contrôle manuel demandé ; donnée entièrement fictive"
X-0195;195;2025-07-27;ouvert;Equipe-06;;
X-0196;196;2025-07-28;ouvert;Equipe-07;;
X-0197;197;2025-08-01;ouvert;Equipe-01;;
X-0198;198;2025-08-02;clos;Equipe-02;;
X-0199;199;2025-08-03;ouvert;Equipe-03;;
X-0200;200;2025-08-04;ouvert;Equipe-04;;
X-0201;201;2025-08-05;ouvert;Equipe-05;;
X-0202;202;2025-08-06;ouvert;Equipe-06;;
X-0203;203;2025-08-07;ouvert;Equipe-07;;
X-0204;204;2025-08-08;ouvert;Equipe-01;;
X-0205;205;2025-08-09;ouvert;Equipe-02;;
X-0206;206;2025-08-10;ouvert;Equipe-03;;
X-0207;207;2025-08-11;ouvert;Equipe-04;;
X-0208;208;2025-08-12;ouvert;Equipe-05;;
X-0209;209;2025-08-13;clos;Equipe-06;;
X-0210;210;2025-08-14;ouvert;Equipe-07;;
X-0211;211;2025-08-15;ouvert;Equipe-01;;
X-0212;212;2025-08-16;ouvert;Equipe-02;;
X-0213;213;2025-08-17;ouvert;Equipe-03;;
X-0214;214;2025-08-18;ouvert;Equipe-04;;
X-0215;215;2025-08-19;ouvert;Equipe-05;;
X-0216;216;2025-08-20;ouvert;Equipe-06;;
X-0217;217;2025-08-21;ouvert;Equipe-07;;
X-0218;218;2025-08-22;ouvert;Equipe-01;;
X-0219;219;2025-08-23;ouvert;Equipe-02;;
X-0220;220;2025-08-24;clos;Equipe-03;;
X-0221;221;2025-08-25;ouvert;Equipe-04;;
X-0222;222;2025-08-26;ouvert;Equipe-05;;
X-0223;223;2025-08-27;ouvert;Equipe-06;;
X-0224;224;2025-08-28;ouvert;Equipe-07;;
X-0225;225;2025-09-01;ouvert;Equipe-01;;
X-0226;226;2025-09-02;ouvert;Equipe-02;;
X-0227;227;2025-09-03;ouvert;Equipe-03;;
X-0228;228;2025-09-04;ouvert;Equipe-04;;
X-0229;229;2025-09-05;ouvert;Equipe-05;;
X-0230;230;2025-09-06;ouvert;Equipe-06;;
X-0231;231;2025-09-07;clos;Equipe-07;;
X-0232;232;2025-09-08;ouvert;Equipe-01;;
X-0233;233;2025-09-09;ouvert;Equipe-02;;
X-0234;234;2025-09-10;ouvert;Equipe-03;;
X-0235;235;2025-09-11;ouvert;Equipe-04;;
X-0236;236;2025-09-12;ouvert;Equipe-05;;
X-0237;237;2025-09-13;ouvert;Equipe-06;;
X-0238;238;2025-09-14;ouvert;Equipe-07;;
X-0239;239;2025-09-15;ouvert;Equipe-01;;
X-0240;240;2025-09-16;ouvert;Equipe-02;;
X-0241;241;2025-09-17;ouvert;Equipe-03;;
X-0242;242;2025-09-18;clos;Equipe-04;;
X-0243;243;2025-09-19;ouvert;Equipe-05;;
X-0244;244;2025-09-20;ouvert;Equipe-06;;
X-0245;245;2025-09-21;ouvert;Equipe-07;;
X-0246;246;2025-09-22;ouvert;Equipe-01;;
X-0247;247;2025-09-23;ouvert;Equipe-02;;
X-0248;248;2025-09-24;ouvert;Equipe-03;;
X-0249;249;2025-09-25;ouvert;Equipe-04;;
X-0250;250;2025-09-26;ouvert;Equipe-05;;
X-0251;251;2025-09-27;ouvert;Equipe-06;;
X-0252;252;2025-09-28;ouvert;Equipe-07;;
X-0253;253;2025-10-01;clos;Equipe-01;;
X-0254;254;2025-10-02;ouvert;Equipe-02;;
X-0255;255;2025-10-03;ouvert;Equipe-03;;
X-0256;256;2025-10-04;ouvert;Equipe-04;;
X-0257;257;2025-10-05;ouvert;Equipe-05;;
X-0258;258;2025-10-06;ouvert;Equipe-06;;
X-0259;259;2025-10-07;ouvert;Equipe-07;;
X-0260;260;2025-10-08;ouvert;Equipe-01;;
X-0261;261;2025-10-09;ouvert;Equipe-02;;
X-0262;262;2025-10-10;ouvert;Equipe-03;;
X-0263;263;2025-10-11;ouvert;Equipe-04;;
X-0264;264;2025-10-12;clos;Equipe-05;;
X-0265;265;2025-10-13;ouvert;Equipe-06;;
X-0266;266;2025-10-14;ouvert;Equipe-07;;
X-0267;267;2025-10-15;ouvert;Equipe-01;;
X-0268;268;2025-10-16;ouvert;Equipe-02;;
X-0269;269;2025-10-17;ouvert;Equipe-03;;
X-0270;270;2025-10-18;ouvert;Equipe-04;;
X-0271;271;2025-10-19;ouvert;Equipe-05;;
X-0272;272;2025-10-20;ouvert;Equipe-06;;
X-0273;273;2025-10-21;ouvert;Equipe-07;;
X-0274;274;2025-10-22;ouvert;Equipe-01;;
X-0275;275;2025-10-23;clos;Equipe-02;;
X-0276;276;2025-10-24;ouvert;Equipe-03;;
X-0277;277;2025-10-25;ouvert;Equipe-04;;
X-0278;278;2025-10-26;ouvert;Equipe-05;;
X-0279;279;2025-10-27;ouvert;Equipe-06;;
X-0280;280;2025-10-28;ouvert;Equipe-07;;
X-0281;281;2025-11-01;ouvert;Equipe-01;;
X-0282;282;2025-11-02;ouvert;Equipe-02;;
X-0283;283;2025-11-03;ouvert;Equipe-03;;
X-0284;284;2025-11-04;ouvert;Equipe-04;;
X-0285;285;2025-11-05;ouvert;Equipe-05;;
X-0286;286;2025-11-06;clos;Equipe-06;;
X-0287;287;2025-11-07;ouvert;Equipe-07;;
X-0288;288;2025-11-08;ouvert;Equipe-01;;
X-0289;289;2025-11-09;ouvert;Equipe-02;;
X-0290;290;2025-11-10;ouvert;Equipe-03;;
X-0291;291;2025-11-11;ouvert;Equipe-04;;"Contrôle manuel demandé ; donnée entièrement fictive"
X-0292;292;2025-11-12;ouvert;Equipe-05;;
X-0293;293;2025-11-13;ouvert;Equipe-06;;
X-0294;294;2025-11-14;ouvert;Equipe-07;;
X-0295;295;2025-11-15;ouvert;Equipe-01;;
X-0296;296;2025-11-16;ouvert;Equipe-02;;
X-0297;297;2025-11-17;clos;Equipe-03;;
X-0298;298;2025-11-18;ouvert;Equipe-04;;
X-0299;299;2025-11-19;ouvert;Equipe-05;;
X-0300;300;2025-11-20;ouvert;Equipe-06;;
X-0301;301;2025-11-21;ouvert;Equipe-07;;
X-0302;302;2025-11-22;ouvert;Equipe-01;;
X-0303;303;2025-11-23;ouvert;Equipe-02;;
X-0304;304;2025-11-24;ouvert;Equipe-03;;
X-0305;305;2025-11-25;ouvert;Equipe-04;;
X-0306;306;2025-11-26;ouvert;Equipe-05;;
X-0307;307;2025-11-27;ouvert;Equipe-06;;
X-0308;308;2025-11-28;clos;Equipe-07;;
X-0309;309;2025-12-01;ouvert;Equipe-01;;
X-0310;310;2025-12-02;ouvert;Equipe-02;;
X-0311;311;2025-12-03;ouvert;Equipe-03;;
X-0312;312;2025-12-04;ouvert;Equipe-04;;
X-0313;313;2025-12-05;ouvert;Equipe-05;;
X-0314;314;2025-12-06;ouvert;Equipe-06;;
X-0315;315;2025-12-07;ouvert;Equipe-07;;
X-0316;316;2025-12-08;ouvert;Equipe-01;;
X-0317;317;2025-12-09;ouvert;Equipe-02;;
X-0318;318;2025-12-10;ouvert;Equipe-03;;
X-0319;319;2025-12-11;clos;Equipe-04;;
X-0320;320;2025-12-12;ouvert;Equipe-05;;
X-0321;321;2025-12-13;ouvert;Equipe-06;;
X-0322;322;2025-12-14;ouvert;Equipe-07;;
X-0323;323;2025-12-15;ouvert;Equipe-01;;
X-0324;324;2025-12-16;ouvert;Equipe-02;;
X-0325;325;2025-12-17;ouvert;Equipe-03;;
X-0326;326;2025-12-18;ouvert;Equipe-04;;
X-0327;327;2025-12-19;ouvert;Equipe-05;;
X-0328;328;2025-12-20;ouvert;Equipe-06;;
X-0329;329;2025-12-21;ouvert;Equipe-07;;
X-0330;330;2025-12-22;clos;Equipe-01;;
X-0331;331;2025-12-23;ouvert;Equipe-02;;
X-0332;332;2025-12-24;ouvert;Equipe-03;;
X-0333;333;2025-12-25;ouvert;Equipe-04;;
X-0334;334;2025-12-26;ouvert;Equipe-05;;
X-0335;335;2025-12-27;ouvert;Equipe-06;;
X-0336;336;2025-12-28;ouvert;Equipe-07;;
X-0337;337;2025-01-01;ouvert;Equipe-01;;
X-0338;338;2025-01-02;ouvert;Equipe-02;;
X-0339;339;2025-01-03;ouvert;Equipe-03;;
X-0340;340;2025-01-04;ouvert;Equipe-04;;
X-0341;341;2025-01-05;clos;Equipe-05;;
X-0342;342;2025-01-06;ouvert;Equipe-06;;
X-0343;343;2025-01-07;ouvert;Equipe-07;;
X-0344;344;2025-01-08;ouvert;Equipe-01;;
X-0345;345;2025-01-09;ouvert;Equipe-02;;
X-0346;346;2025-01-10;ouvert;Equipe-03;;
X-0347;347;2025-01-11;ouvert;Equipe-04;;
X-0348;348;2025-01-12;ouvert;Equipe-05;;
X-0349;349;2025-01-13;ouvert;Equipe-06;;
X-0350;350;2025-01-14;ouvert;Equipe-07;;
X-0351;351;2025-01-15;ouvert;Equipe-01;;
X-0352;352;2025-01-16;clos;Equipe-02;;
X-0353;353;2025-01-17;ouvert;Equipe-03;;
X-0354;354;2025-01-18;ouvert;Equipe-04;;
X-0355;355;2025-01-19;ouvert;Equipe-05;;
X-0356;356;2025-01-20;ouvert;Equipe-06;;
X-0357;357;2025-01-21;ouvert;Equipe-07;;
X-0358;358;2025-01-22;ouvert;Equipe-01;;
X-0359;359;2025-01-23;ouvert;Equipe-02;;
X-0360;360;2025-01-24;ouvert;Equipe-03;;
X-0361;361;2025-01-25;ouvert;Equipe-04;;
X-0362;362;2025-01-26;ouvert;Equipe-05;;
X-0363;363;2025-01-27;clos;Equipe-06;;
X-0364;364;2025-01-28;ouvert;Equipe-07;;
X-0365;365;2025-02-01;ouvert;Equipe-01;;
X-0366;366;2025-02-02;ouvert;Equipe-02;;
X-0367;367;2025-02-03;ouvert;Equipe-03;;
X-0368;368;2025-02-04;ouvert;Equipe-04;;
X-0369;369;2025-02-05;ouvert;Equipe-05;;
X-0370;370;2025-02-06;ouvert;Equipe-06;;
X-0371;371;2025-02-07;ouvert;Equipe-07;;
X-0372;372;2025-02-08;ouvert;Equipe-01;;
X-0373;373;2025-02-09;ouvert;Equipe-02;;
X-0374;374;2025-02-10;clos;Equipe-03;;
X-0375;375;2025-02-11;ouvert;Equipe-04;;
X-0376;376;2025-02-12;ouvert;Equipe-05;;
X-0377;377;2025-02-13;ouvert;Equipe-06;;
X-0378;378;2025-02-14;ouvert;Equipe-07;;
X-0379;379;2025-02-15;ouvert;Equipe-01;;
X-0380;380;2025-02-16;ouvert;Equipe-02;;
X-0381;381;2025-02-17;ouvert;Equipe-03;;
X-0382;382;2025-02-18;ouvert;Equipe-04;;
X-0383;383;2025-02-19;ouvert;Equipe-05;;
X-0384;384;2025-02-20;ouvert;Equipe-06;;
X-0385;385;2025-02-21;clos;Equipe-07;;
X-0386;386;2025-02-22;ouvert;Equipe-01;;
X-0387;387;2025-02-23;ouvert;Equipe-02;;
X-0388;388;2025-02-24;ouvert;Equipe-03;;"Contrôle manuel demandé ; donnée entièrement fictive"
X-0389;389;2025-02-25;ouvert;Equipe-04;;
X-0390;390;2025-02-26;ouvert;Equipe-05;;
X-0391;391;2025-02-27;ouvert;Equipe-06;;
X-0392;392;2025-02-28;ouvert;Equipe-07;;
X-0393;393;2025-03-01;ouvert;Equipe-01;;
X-0394;394;2025-03-02;ouvert;Equipe-02;;
X-0395;395;2025-03-03;ouvert;Equipe-03;;
X-0396;396;2025-03-04;clos;Equipe-04;;
X-0397;397;2025-03-05;ouvert;Equipe-05;;
X-0398;398;2025-03-06;ouvert;Equipe-06;;
X-0399;399;2025-03-07;ouvert;Equipe-07;;
X-0400;400;2025-03-08;ouvert;Equipe-01;;
X-0401;401;2025-03-09;ouvert;Equipe-02;;
X-0402;402;2025-03-10;ouvert;Equipe-03;;
X-0403;403;2025-03-11;ouvert;Equipe-04;;
X-0404;404;2025-03-12;ouvert;Equipe-05;;
X-0405;405;2025-03-13;ouvert;Equipe-06;;
X-0406;406;2025-03-14;ouvert;Equipe-07;;
X-0407;407;2025-03-15;clos;Equipe-01;;
X-0408;408;2025-03-16;ouvert;Equipe-02;;
X-0409;409;2025-03-17;ouvert;Equipe-03;;
X-0410;410;2025-03-18;ouvert;Equipe-04;;
X-0411;411;2025-03-19;ouvert;Equipe-05;;
X-0412;412;2025-03-20;ouvert;Equipe-06;;
X-0413;413;2025-03-21;ouvert;Equipe-07;;
X-0414;414;2025-03-22;ouvert;Equipe-01;;
X-0415;415;2025-03-23;ouvert;Equipe-02;;
X-0416;416;2025-03-24;ouvert;Equipe-03;;
X-0417;417;2025-03-25;ouvert;Equipe-04;;
X-0418;418;2025-03-26;clos;Equipe-05;;
X-0419;419;2025-03-27;ouvert;Equipe-06;;
X-0420;420;2025-03-28;ouvert;Equipe-07;;
X-0421;421;2025-04-01;ouvert;Equipe-01;;
X-0422;422;2025-04-02;ouvert;Equipe-02;;
X-0423;423;2025-04-03;ouvert;Equipe-03;;
X-0424;424;2025-04-04;ouvert;Equipe-04;;
X-0425;425;2025-04-05;ouvert;Equipe-05;;
X-0426;426;2025-04-06;ouvert;Equipe-06;;
X-0427;427;2025-04-07;ouvert;Equipe-07;;
X-0428;428;2025-04-08;ouvert;Equipe-01;;
X-0429;429;2025-04-09;clos;Equipe-02;;
X-0430;430;2025-04-10;ouvert;Equipe-03;;
X-0431;431;2025-04-11;ouvert;Equipe-04;;
X-0432;432;2025-04-12;ouvert;Equipe-05;;
X-0433;433;2025-04-13;ouvert;Equipe-06;;
X-0434;434;2025-04-14;ouvert;Equipe-07;;
X-0435;435;2025-04-15;ouvert;Equipe-01;;
X-0436;436;2025-04-16;ouvert;Equipe-02;;
X-0437;437;2025-04-17;ouvert;Equipe-03;;
X-0438;438;2025-04-18;ouvert;Equipe-04;;
X-0439;439;2025-04-19;ouvert;Equipe-05;;
X-0440;440;2025-04-20;clos;Equipe-06;;
X-0441;441;2025-04-21;ouvert;Equipe-07;;
X-0442;442;2025-04-22;ouvert;Equipe-01;;
X-0443;443;2025-04-23;ouvert;Equipe-02;;
X-0444;444;2025-04-24;ouvert;Equipe-03;;
X-0445;445;2025-04-25;ouvert;Equipe-04;;
X-0446;446;2025-04-26;ouvert;Equipe-05;;
X-0447;447;2025-04-27;ouvert;Equipe-06;;
X-0448;448;2025-04-28;ouvert;Equipe-07;;
X-0449;449;2025-05-01;ouvert;Equipe-01;;
X-0450;450;2025-05-02;ouvert;Equipe-02;;
X-0451;451;2025-05-03;clos;Equipe-03;;
X-0452;452;2025-05-04;ouvert;Equipe-04;;
X-0453;453;2025-05-05;ouvert;Equipe-05;;
X-0454;454;2025-05-06;ouvert;Equipe-06;;
X-0455;455;2025-05-07;ouvert;Equipe-07;;
X-0456;456;2025-05-08;ouvert;Equipe-01;;
X-0457;457;2025-05-09;ouvert;Equipe-02;;
X-0458;458;2025-05-10;ouvert;Equipe-03;;
X-0459;459;2025-05-11;ouvert;Equipe-04;;
X-0460;460;2025-05-12;ouvert;Equipe-05;;
X-0461;461;2025-05-13;ouvert;Equipe-06;;
X-0462;462;2025-05-14;clos;Equipe-07;;
X-0463;463;2025-05-15;ouvert;Equipe-01;;
X-0464;464;2025-05-16;ouvert;Equipe-02;;
X-0465;465;2025-05-17;ouvert;Equipe-03;;
X-0466;466;2025-05-18;ouvert;Equipe-04;;
X-0467;467;2025-05-19;ouvert;Equipe-05;;
X-0468;468;2025-05-20;ouvert;Equipe-06;;
X-0469;469;2025-05-21;ouvert;Equipe-07;;
X-0470;470;2025-05-22;ouvert;Equipe-01;;
X-0471;471;2025-05-23;ouvert;Equipe-02;;
X-0472;472;2025-05-24;ouvert;Equipe-03;;
X-0473;473;2025-05-25;clos;Equipe-04;;
X-0474;474;2025-05-26;ouvert;Equipe-05;;
X-0475;475;2025-05-27;ouvert;Equipe-06;;
X-0476;476;2025-05-28;ouvert;Equipe-07;;
X-0477;477;2025-06-01;ouvert;Equipe-01;;
X-0478;478;2025-06-02;ouvert;Equipe-02;;
X-0479;479;2025-06-03;ouvert;Equipe-03;;
X-0480;480;2025-06-04;ouvert;Equipe-04;;
X-0481;481;2025-06-05;ouvert;Equipe-05;;
X-0482;482;2025-06-06;ouvert;Equipe-06;;
X-0483;483;2025-06-07;ouvert;Equipe-07;;
X-0484;484;2025-06-08;clos;Equipe-01;;
X-0485;485;2025-06-09;ouvert;Equipe-02;;"Contrôle manuel demandé ; donnée entièrement fictive"
X-0486;486;2025-06-10;ouvert;Equipe-03;;
X-0487;487;2025-06-11;ouvert;Equipe-04;;
X-0488;488;2025-06-12;ouvert;Equipe-05;;
X-0489;489;2025-06-13;ouvert;Equipe-06;;
X-0490;490;2025-06-14;ouvert;Equipe-07;;
X-0491;491;2025-06-15;ouvert;Equipe-01;;
X-0492;492;2025-06-16;ouvert;Equipe-02;;
X-0493;493;2025-06-17;ouvert;Equipe-03;;
X-0494;494;2025-06-18;ouvert;Equipe-04;;
X-0495;495;2025-06-19;clos;Equipe-05;;
X-0496;496;2025-06-20;ouvert;Equipe-06;;
X-0497;497;2025-06-21;ouvert;Equipe-07;;
X-0498;498;2025-06-22;ouvert;Equipe-01;;
X-0499;499;2025-06-23;ouvert;Equipe-02;;
X-0500;500;2025-06-24;ouvert;Equipe-03;;
X-0501;501;2025-06-25;ouvert;Equipe-04;;
X-0502;502;2025-06-26;ouvert;Equipe-05;;
X-0503;503;2025-06-27;ouvert;Equipe-06;;
X-0504;504;2025-06-28;ouvert;Equipe-07;;
X-0505;505;2025-07-01;ouvert;Equipe-01;;
X-0506;506;2025-07-02;clos;Equipe-02;;
X-0507;507;2025-07-03;ouvert;Equipe-03;;
X-0508;508;2025-07-04;ouvert;Equipe-04;;
X-0509;509;2025-07-05;ouvert;Equipe-05;;
X-0510;510;2025-07-06;ouvert;Equipe-06;;
X-0511;511;2025-07-07;ouvert;Equipe-07;;
X-0512;512;2025-07-08;ouvert;Equipe-01;;
X-0513;513;2025-07-09;ouvert;Equipe-02;;
X-0514;514;2025-07-10;ouvert;Equipe-03;;
X-0515;515;2025-07-11;ouvert;Equipe-04;;
X-0516;516;2025-07-12;ouvert;Equipe-05;;
X-0517;517;2025-07-13;clos;Equipe-06;;
X-0518;518;2025-07-14;ouvert;Equipe-07;;
X-0519;519;2025-07-15;ouvert;Equipe-01;;
X-0520;520;2025-07-16;ouvert;Equipe-02;;
X-0521;521;2025-07-17;ouvert;Equipe-03;;
X-0522;522;2025-07-18;ouvert;Equipe-04;;
X-0523;523;2025-07-19;ouvert;Equipe-05;;
X-0524;524;2025-07-20;ouvert;Equipe-06;;
X-0525;525;2025-07-21;ouvert;Equipe-07;;
X-0526;526;2025-07-22;ouvert;Equipe-01;;
X-0527;527;2025-07-23;ouvert;Equipe-02;;
X-0528;528;2025-07-24;clos;Equipe-03;;
X-0529;529;2025-07-25;ouvert;Equipe-04;;
X-0530;530;2025-07-26;ouvert;Equipe-05;;
X-0531;531;2025-07-27;ouvert;Equipe-06;;
X-0532;532;2025-07-28;ouvert;Equipe-07;;
X-0533;533;2025-08-01;ouvert;Equipe-01;;
X-0534;534;2025-08-02;ouvert;Equipe-02;;
X-0535;535;2025-08-03;ouvert;Equipe-03;;
X-0536;536;2025-08-04;ouvert;Equipe-04;;
X-0537;537;2025-08-05;ouvert;Equipe-05;;
X-0538;538;2025-08-06;ouvert;Equipe-06;;
X-0539;539;2025-08-07;clos;Equipe-07;;
X-0540;540;2025-08-08;ouvert;Equipe-01;;
X-0541;541;2025-08-09;ouvert;Equipe-02;;
X-0542;542;2025-08-10;ouvert;Equipe-03;;
X-0543;543;2025-08-11;ouvert;Equipe-04;;
X-0544;544;2025-08-12;ouvert;Equipe-05;;
X-0545;545;2025-08-13;ouvert;Equipe-06;;
X-0546;546;2025-08-14;ouvert;Equipe-07;;
X-0547;547;2025-08-15;ouvert;Equipe-01;;
X-0548;548;2025-08-16;ouvert;Equipe-02;;
X-0549;549;2025-08-17;ouvert;Equipe-03;;
X-0550;550;2025-08-18;clos;Equipe-04;;
X-0551;551;2025-08-19;ouvert;Equipe-05;;
X-0552;552;2025-08-20;ouvert;Equipe-06;;
X-0553;553;2025-08-21;ouvert;Equipe-07;;
X-0554;554;2025-08-22;ouvert;Equipe-01;;
X-0555;555;2025-08-23;ouvert;Equipe-02;;
X-0556;556;2025-08-24;ouvert;Equipe-03;;
X-0557;557;2025-08-25;ouvert;Equipe-04;;
X-0558;558;2025-08-26;ouvert;Equipe-05;;
X-0559;559;2025-08-27;ouvert;Equipe-06;;
X-0560;560;2025-08-28;ouvert;Equipe-07;;
X-0561;561;2025-09-01;clos;Equipe-01;;
X-0562;562;2025-09-02;ouvert;Equipe-02;;
X-0563;563;2025-09-03;ouvert;Equipe-03;;
X-0564;564;2025-09-04;ouvert;Equipe-04;;
X-0565;565;2025-09-05;ouvert;Equipe-05;;
X-0566;566;2025-09-06;ouvert;Equipe-06;;
X-0567;567;2025-09-07;ouvert;Equipe-07;;
X-0568;568;2025-09-08;ouvert;Equipe-01;;
X-0569;569;2025-09-09;ouvert;Equipe-02;;
X-0570;570;2025-09-10;ouvert;Equipe-03;;
X-0571;571;2025-09-11;ouvert;Equipe-04;;
X-0572;572;2025-09-12;clos;Equipe-05;;
X-0573;573;2025-09-13;ouvert;Equipe-06;;
X-0574;574;2025-09-14;ouvert;Equipe-07;;
X-0575;575;2025-09-15;ouvert;Equipe-01;;
X-0576;576;2025-09-16;ouvert;Equipe-02;;
X-0577;577;2025-09-17;ouvert;Equipe-03;;
X-0578;578;2025-09-18;ouvert;Equipe-04;;
X-0579;579;2025-09-19;ouvert;Equipe-05;;
X-0580;580;2025-09-20;ouvert;Equipe-06;;
X-0581;581;2025-09-21;ouvert;Equipe-07;;
X-0582;582;2025-09-22;ouvert;Equipe-01;;"Contrôle manuel demandé ; donnée entièrement fictive"
X-0583;583;2025-09-23;clos;Equipe-02;;
X-0584;584;2025-09-24;ouvert;Equipe-03;;
X-0585;585;2025-09-25;ouvert;Equipe-04;;
X-0586;586;2025-09-26;ouvert;Equipe-05;;
X-0587;587;2025-09-27;ouvert;Equipe-06;;
X-0588;588;2025-09-28;ouvert;Equipe-07;;
X-0589;589;2025-10-01;ouvert;Equipe-01;;
X-0590;590;2025-10-02;ouvert;Equipe-02;;
X-0591;591;2025-10-03;ouvert;Equipe-03;;
X-0592;592;2025-10-04;ouvert;Equipe-04;;
X-0593;593;2025-10-05;ouvert;Equipe-05;;
X-0594;594;2025-10-06;clos;Equipe-06;;
X-0595;595;2025-10-07;ouvert;Equipe-07;;
X-0596;596;2025-10-08;ouvert;Equipe-01;;
X-0597;597;2025-10-09;ouvert;Equipe-02;;
X-0598;598;2025-10-10;ouvert;Equipe-03;;
X-0599;599;2025-10-11;ouvert;Equipe-04;;
X-0600;600;2025-10-12;ouvert;Equipe-05;;
X-0601;601;2025-10-13;ouvert;Equipe-06;;
X-0602;602;2025-10-14;ouvert;Equipe-07;;
X-0603;603;2025-10-15;ouvert;Equipe-01;;
X-0604;604;2025-10-16;ouvert;Equipe-02;;
X-0605;605;2025-10-17;clos;Equipe-03;;
X-0606;606;2025-10-18;ouvert;Equipe-04;;
X-0607;607;2025-10-19;ouvert;Equipe-05;;
X-0608;608;2025-10-20;ouvert;Equipe-06;;
X-0609;609;2025-10-21;ouvert;Equipe-07;;
X-0610;610;2025-10-22;ouvert;Equipe-01;;
X-0611;611;2025-10-23;ouvert;Equipe-02;;
X-0612;612;2025-10-24;ouvert;Equipe-03;;
X-0613;613;2025-10-25;ouvert;Equipe-04;;
X-0614;614;2025-10-26;ouvert;Equipe-05;;
X-0615;615;2025-10-27;ouvert;Equipe-06;;
X-0616;616;2025-10-28;clos;Equipe-07;;
X-0617;617;2025-11-01;ouvert;Equipe-01;;
X-0618;618;2025-11-02;ouvert;Equipe-02;;
X-0619;619;2025-11-03;ouvert;Equipe-03;;
X-0620;620;2025-11-04;ouvert;Equipe-04;;
X-0621;621;2025-11-05;ouvert;Equipe-05;;
X-0622;622;2025-11-06;ouvert;Equipe-06;;
X-0623;623;2025-11-07;ouvert;Equipe-07;;
X-0624;624;2025-11-08;ouvert;Equipe-01;;
X-0625;625;2025-11-09;ouvert;Equipe-02;;
X-0626;626;2025-11-10;ouvert;Equipe-03;;
X-0627;627;2025-11-11;clos;Equipe-04;;
X-0628;628;2025-11-12;ouvert;Equipe-05;;
X-0629;629;2025-11-13;ouvert;Equipe-06;;
X-0630;630;2025-11-14;ouvert;Equipe-07;;
X-0631;631;2025-11-15;ouvert;Equipe-01;;
X-0632;632;2025-11-16;ouvert;Equipe-02;;
X-0633;633;2025-11-17;ouvert;Equipe-03;;
X-0634;634;2025-11-18;ouvert;Equipe-04;;
X-0635;635;2025-11-19;ouvert;Equipe-05;;
X-0636;636;2025-11-20;ouvert;Equipe-06;;
X-0637;637;2025-11-21;ouvert;Equipe-07;;
X-0638;638;2025-11-22;clos;Equipe-01;;
X-0639;639;2025-11-23;ouvert;Equipe-02;;
X-0640;640;2025-11-24;ouvert;Equipe-03;;
X-0641;641;2025-11-25;ouvert;Equipe-04;;
X-0642;642;2025-11-26;ouvert;Equipe-05;;
X-0643;643;2025-11-27;ouvert;Equipe-06;;
X-0644;644;2025-11-28;ouvert;Equipe-07;;
X-0645;645;2025-12-01;ouvert;Equipe-01;;
X-0646;646;2025-12-02;ouvert;Equipe-02;;
X-0647;647;2025-12-03;ouvert;Equipe-03;;
X-0648;648;2025-12-04;ouvert;Equipe-04;;
X-0649;649;2025-12-05;clos;Equipe-05;;
X-0650;650;2025-12-06;ouvert;Equipe-06;;
X-0651;651;2025-12-07;ouvert;Equipe-07;;
X-0652;652;2025-12-08;ouvert;Equipe-01;;
X-0653;653;2025-12-09;ouvert;Equipe-02;;
X-0654;654;2025-12-10;ouvert;Equipe-03;;
X-0655;655;2025-12-11;ouvert;Equipe-04;;
X-0656;656;2025-12-12;ouvert;Equipe-05;;
X-0657;657;2025-12-13;ouvert;Equipe-06;;
X-0658;658;2025-12-14;ouvert;Equipe-07;;
X-0659;659;2025-12-15;ouvert;Equipe-01;;
X-0660;660;2025-12-16;clos;Equipe-02;;
X-0661;661;2025-12-17;ouvert;Equipe-03;;
X-0662;662;2025-12-18;ouvert;Equipe-04;;
X-0663;663;2025-12-19;ouvert;Equipe-05;;
X-0664;664;2025-12-20;ouvert;Equipe-06;;
X-0665;665;2025-12-21;ouvert;Equipe-07;;
X-0666;666;2025-12-22;ouvert;Equipe-01;;
X-0667;667;2025-12-23;ouvert;Equipe-02;;
X-0668;668;2025-12-24;ouvert;Equipe-03;;
X-0669;669;2025-12-25;ouvert;Equipe-04;;
X-0670;670;2025-12-26;ouvert;Equipe-05;;
X-0671;671;2025-12-27;clos;Equipe-06;;
X-0672;672;2025-12-28;ouvert;Equipe-07;;
X-0673;673;2025-01-01;ouvert;Equipe-01;;
X-0674;674;2025-01-02;ouvert;Equipe-02;;
X-0675;675;2025-01-03;ouvert;Equipe-03;;
X-0676;676;2025-01-04;ouvert;Equipe-04;;
X-0677;677;2025-01-05;ouvert;Equipe-05;;
X-0678;678;2025-01-06;ouvert;Equipe-06;;
X-0679;679;2025-01-07;ouvert;Equipe-07;;"Contrôle manuel demandé ; donnée entièrement fictive"
X-0680;680;2025-01-08;ouvert;Equipe-01;;
X-0681;681;2025-01-09;ouvert;Equipe-02;;
X-0682;682;2025-01-10;clos;Equipe-03;;
X-0683;683;2025-01-11;ouvert;Equipe-04;;
X-0684;684;2025-01-12;ouvert;Equipe-05;;
X-0685;685;2025-01-13;ouvert;Equipe-06;;
X-0686;686;2025-01-14;ouvert;Equipe-07;;
X-0687;687;2025-01-15;ouvert;Equipe-01;;
X-0688;688;2025-01-16;ouvert;Equipe-02;;
X-0689;689;2025-01-17;ouvert;Equipe-03;;
X-0690;690;2025-01-18;ouvert;Equipe-04;;
X-0691;691;2025-01-19;ouvert;Equipe-05;;
X-0692;692;2025-01-20;ouvert;Equipe-06;;
X-0693;693;2025-01-21;clos;Equipe-07;;
X-0694;694;2025-01-22;ouvert;Equipe-01;;
X-0695;695;2025-01-23;ouvert;Equipe-02;;
X-0696;696;2025-01-24;ouvert;Equipe-03;;
X-0697;697;2025-01-25;ouvert;Equipe-04;;
X-0698;698;2025-01-26;ouvert;Equipe-05;;
X-0699;699;2025-01-27;ouvert;Equipe-06;;
X-0700;700;2025-01-28;ouvert;Equipe-07;;
X-0701;701;2025-02-01;ouvert;Equipe-01;;
X-0702;702;2025-02-02;ouvert;Equipe-02;;
X-0703;703;2025-02-03;ouvert;Equipe-03;;
X-0704;704;2025-02-04;clos;Equipe-04;;
X-0705;705;2025-02-05;ouvert;Equipe-05;;
X-0706;706;2025-02-06;ouvert;Equipe-06;;
X-0707;707;2025-02-07;ouvert;Equipe-07;;
X-0708;708;2025-02-08;ouvert;Equipe-01;;
X-0709;709;2025-02-09;ouvert;Equipe-02;;
X-0710;710;2025-02-10;ouvert;Equipe-03;;
X-0711;711;2025-02-11;ouvert;Equipe-04;;
X-0712;712;2025-02-12;ouvert;Equipe-05;;
X-0713;713;2025-02-13;ouvert;Equipe-06;;
X-0714;714;2025-02-14;ouvert;Equipe-07;;
X-0715;715;2025-02-15;clos;Equipe-01;;
X-0716;716;2025-02-16;ouvert;Equipe-02;;
X-0717;717;2025-02-17;ouvert;Equipe-03;;
X-0718;718;2025-02-18;ouvert;Equipe-04;;
X-0719;719;2025-02-19;ouvert;Equipe-05;;
X-0720;720;2025-02-20;ouvert;Equipe-06;;
X-0721;721;2025-02-21;ouvert;Equipe-07;;
X-0722;722;2025-02-22;ouvert;Equipe-01;;
X-0723;723;2025-02-23;ouvert;Equipe-02;;
X-0724;724;2025-02-24;ouvert;Equipe-03;;
X-0725;725;2025-02-25;ouvert;Equipe-04;;
X-0726;726;2025-02-26;clos;Equipe-05;;
X-0727;727;2025-02-27;ouvert;Equipe-06;;
X-0728;728;2025-02-28;ouvert;Equipe-07;;
X-0729;729;2025-03-01;ouvert;Equipe-01;;
X-0730;730;2025-03-02;ouvert;Equipe-02;;
X-0731;731;2025-03-03;ouvert;Equipe-03;;
X-0732;732;2025-03-04;ouvert;Equipe-04;;
X-0733;733;2025-03-05;ouvert;Equipe-05;;
X-0734;734;2025-03-06;ouvert;Equipe-06;;
X-0735;735;2025-03-07;ouvert;Equipe-07;;
X-0736;736;2025-03-08;ouvert;Equipe-01;;
X-0737;737;2025-03-09;clos;Equipe-02;;
X-0738;738;2025-03-10;ouvert;Equipe-03;;
X-0739;739;2025-03-11;ouvert;Equipe-04;;
X-0740;740;2025-03-12;ouvert;Equipe-05;;
X-0741;741;2025-03-13;ouvert;Equipe-06;;
X-0742;742;2025-03-14;ouvert;Equipe-07;;
X-0743;743;2025-03-15;ouvert;Equipe-01;;
X-0744;744;2025-03-16;ouvert;Equipe-02;;
X-0745;745;2025-03-17;ouvert;Equipe-03;;
X-0746;746;2025-03-18;ouvert;Equipe-04;;
X-0747;747;2025-03-19;ouvert;Equipe-05;;
X-0748;748;2025-03-20;clos;Equipe-06;;
X-0749;749;2025-03-21;ouvert;Equipe-07;;
X-0750;750;2025-03-22;ouvert;Equipe-01;;
X-0751;751;2025-03-23;ouvert;Equipe-02;;
X-0752;752;2025-03-24;ouvert;Equipe-03;;
X-0753;753;2025-03-25;ouvert;Equipe-04;;
X-0754;754;2025-03-26;ouvert;Equipe-05;;
X-0755;755;2025-03-27;ouvert;Equipe-06;;
X-0756;756;2025-03-28;ouvert;Equipe-07;;
X-0757;757;2025-04-01;ouvert;Equipe-01;;
X-0758;758;2025-04-02;ouvert;Equipe-02;;
X-0759;759;2025-04-03;clos;Equipe-03;;
X-0760;760;2025-04-04;ouvert;Equipe-04;;
X-0761;761;2025-04-05;ouvert;Equipe-05;;
X-0762;762;2025-04-06;ouvert;Equipe-06;;
X-0763;763;2025-04-07;ouvert;Equipe-07;;
X-0764;764;2025-04-08;ouvert;Equipe-01;;
X-0765;765;2025-04-09;ouvert;Equipe-02;;
X-0766;766;2025-04-10;ouvert;Equipe-03;;
X-0767;767;2025-04-11;ouvert;Equipe-04;;
X-0768;768;2025-04-12;ouvert;Equipe-05;;
X-0769;769;2025-04-13;ouvert;Equipe-06;;
X-0770;770;2025-04-14;clos;Equipe-07;;
X-0771;771;2025-04-15;ouvert;Equipe-01;;
X-0772;772;2025-04-16;ouvert;Equipe-02;;
X-0773;773;2025-04-17;ouvert;Equipe-03;;
X-0774;774;2025-04-18;ouvert;Equipe-04;;
X-0775;775;2025-04-19;ouvert;Equipe-05;;
X-0776;776;2025-04-20;ouvert;Equipe-06;;"Contrôle manuel demandé ; donnée entièrement fictive"
X-0777;777;2025-04-21;ouvert;Equipe-07;;
X-0778;778;2025-04-22;ouvert;Equipe-01;;
X-0779;779;2025-04-23;ouvert;Equipe-02;;
X-0780;780;2025-04-24;ouvert;Equipe-03;;
X-0781;781;2025-04-25;clos;Equipe-04;;
X-0782;782;2025-04-26;ouvert;Equipe-05;;
X-0783;783;2025-04-27;ouvert;Equipe-06;;
X-0784;784;2025-04-28;ouvert;Equipe-07;;
X-0785;785;2025-05-01;ouvert;Equipe-01;;
X-0786;786;2025-05-02;ouvert;Equipe-02;;
X-0787;787;2025-05-03;ouvert;Equipe-03;;
X-0788;788;2025-05-04;ouvert;Equipe-04;;
X-0789;789;2025-05-05;ouvert;Equipe-05;;
X-0790;790;2025-05-06;ouvert;Equipe-06;;
X-0791;791;2025-05-07;ouvert;Equipe-07;;
X-0792;792;2025-05-08;clos;Equipe-01;;
X-0793;793;2025-05-09;ouvert;Equipe-02;;
X-0794;794;2025-05-10;ouvert;Equipe-03;;
X-0795;795;2025-05-11;ouvert;Equipe-04;;
X-0796;796;2025-05-12;ouvert;Equipe-05;;
X-0797;797;2025-05-13;ouvert;Equipe-06;;
X-0798;798;2025-05-14;ouvert;Equipe-07;;
X-0799;799;2025-05-15;ouvert;Equipe-01;;
X-0800;800;2025-05-16;ouvert;Equipe-02;;
X-0801;801;2025-05-17;ouvert;Equipe-03;;
X-0802;802;2025-05-18;ouvert;Equipe-04;;
X-0803;803;2025-05-19;clos;Equipe-05;;
X-0804;804;2025-05-20;ouvert;Equipe-06;;
X-0805;805;2025-05-21;ouvert;Equipe-07;;
X-0806;806;2025-05-22;ouvert;Equipe-01;;
X-0807;807;2025-05-23;ouvert;Equipe-02;;
X-0808;808;2025-05-24;ouvert;Equipe-03;;
X-0809;809;2025-05-25;ouvert;Equipe-04;;
X-0810;810;2025-05-26;ouvert;Equipe-05;;
X-0811;811;2025-05-27;ouvert;Equipe-06;;
X-0812;812;2025-05-28;ouvert;Equipe-07;;
X-0813;813;2025-06-01;ouvert;Equipe-01;;
X-0814;814;2025-06-02;clos;Equipe-02;;
X-0815;815;2025-06-03;ouvert;Equipe-03;;
X-0816;816;2025-06-04;ouvert;Equipe-04;;
X-0817;817;2025-06-05;ouvert;Equipe-05;;
X-0818;818;2025-06-06;ouvert;Equipe-06;;
X-0819;819;2025-06-07;ouvert;Equipe-07;;
X-0820;820;2025-06-08;ouvert;Equipe-01;;
X-0821;821;2025-06-09;ouvert;Equipe-02;;
X-0822;822;2025-06-10;ouvert;Equipe-03;;
X-0823;823;2025-06-11;ouvert;Equipe-04;;
X-0824;824;2025-06-12;ouvert;Equipe-05;;
X-0825;825;2025-06-13;clos;Equipe-06;;
X-0826;826;2025-06-14;ouvert;Equipe-07;;
X-0827;827;2025-06-15;ouvert;Equipe-01;;
X-0828;828;2025-06-16;ouvert;Equipe-02;;
X-0829;829;2025-06-17;ouvert;Equipe-03;;
X-0830;830;2025-06-18;ouvert;Equipe-04;;
X-0831;831;2025-06-19;ouvert;Equipe-05;;
X-0832;832;2025-06-20;ouvert;Equipe-06;;
X-0833;833;2025-06-21;ouvert;Equipe-07;;
X-0834;834;2025-06-22;ouvert;Equipe-01;;
X-0835;835;2025-06-23;ouvert;Equipe-02;;
X-0836;836;2025-06-24;clos;Equipe-03;;
X-0837;837;2025-06-25;ouvert;Equipe-04;;
X-0838;838;2025-06-26;ouvert;Equipe-05;;
X-0839;839;2025-06-27;ouvert;Equipe-06;;
X-0840;840;2025-06-28;ouvert;Equipe-07;;
X-0841;841;2025-07-01;ouvert;Equipe-01;;
X-0842;842;2025-07-02;ouvert;Equipe-02;;
X-0843;843;2025-07-03;ouvert;Equipe-03;;
X-0844;844;2025-07-04;ouvert;Equipe-04;;
X-0845;845;2025-07-05;ouvert;Equipe-05;;
X-0846;846;2025-07-06;ouvert;Equipe-06;;
X-0847;847;2025-07-07;clos;Equipe-07;;
X-0848;848;2025-07-08;ouvert;Equipe-01;;
X-0849;849;2025-07-09;ouvert;Equipe-02;;
X-0850;850;2025-07-10;ouvert;Equipe-03;;
X-0851;851;2025-07-11;ouvert;Equipe-04;;
X-0852;852;2025-07-12;ouvert;Equipe-05;;
X-0853;853;2025-07-13;ouvert;Equipe-06;;
X-0854;854;2025-07-14;ouvert;Equipe-07;;
X-0855;855;2025-07-15;ouvert;Equipe-01;;
X-0856;856;2025-07-16;ouvert;Equipe-02;;
X-0857;857;2025-07-17;ouvert;Equipe-03;;
X-0858;858;2025-07-18;clos;Equipe-04;;
X-0859;859;2025-07-19;ouvert;Equipe-05;;
X-0860;860;2025-07-20;ouvert;Equipe-06;;
X-0861;861;2025-07-21;ouvert;Equipe-07;;
X-0862;862;2025-07-22;ouvert;Equipe-01;;
X-0863;863;2025-07-23;ouvert;Equipe-02;;
X-0864;864;2025-07-24;ouvert;Equipe-03;;
X-0865;865;2025-07-25;ouvert;Equipe-04;;
X-0866;866;2025-07-26;ouvert;Equipe-05;;
X-0867;867;2025-07-27;ouvert;Equipe-06;;
X-0868;868;2025-07-28;ouvert;Equipe-07;;
X-0869;869;2025-08-01;clos;Equipe-01;;
X-0870;870;2025-08-02;ouvert;Equipe-02;;
X-0871;871;2025-08-03;ouvert;Equipe-03;;
X-0872;872;2025-08-04;ouvert;Equipe-04;;
X-0873;873;2025-08-05;ouvert;Equipe-05;;"Contrôle manuel demandé ; donnée entièrement fictive"
X-0874;874;2025-08-06;ouvert;Equipe-06;;
X-0875;875;2025-08-07;ouvert;Equipe-07;;
X-0876;876;2025-08-08;ouvert;Equipe-01;;
X-0877;877;2025-08-09;ouvert;Equipe-02;;
X-0878;878;2025-08-10;ouvert;Equipe-03;;
X-0879;879;2025-08-11;ouvert;Equipe-04;;
X-0880;880;2025-08-12;clos;Equipe-05;;
X-0881;881;2025-08-13;ouvert;Equipe-06;;
X-0882;882;2025-08-14;ouvert;Equipe-07;;
X-0883;883;2025-08-15;ouvert;Equipe-01;;
X-0884;884;2025-08-16;ouvert;Equipe-02;;
X-0885;885;2025-08-17;ouvert;Equipe-03;;
X-0886;886;2025-08-18;ouvert;Equipe-04;;
X-0887;887;2025-08-19;ouvert;Equipe-05;;
X-0888;888;2025-08-20;ouvert;Equipe-06;;
X-0889;889;2025-08-21;ouvert;Equipe-07;;
X-0890;890;2025-08-22;ouvert;Equipe-01;;
X-0891;891;2025-08-23;clos;Equipe-02;;
X-0892;892;2025-08-24;ouvert;Equipe-03;;
X-0893;893;2025-08-25;ouvert;Equipe-04;;
X-0894;894;2025-08-26;ouvert;Equipe-05;;
X-0895;895;2025-08-27;ouvert;Equipe-06;;
X-0896;896;2025-08-28;ouvert;Equipe-07;;
X-0897;897;2025-09-01;ouvert;Equipe-01;;
X-0898;898;2025-09-02;ouvert;Equipe-02;;
X-0899;899;2025-09-03;ouvert;Equipe-03;;
X-0900;900;2025-09-04;ouvert;Equipe-04;;
X-0901;901;2025-09-05;ouvert;Equipe-05;;
X-0902;902;2025-09-06;clos;Equipe-06;;
X-0903;903;2025-09-07;ouvert;Equipe-07;;
X-0904;904;2025-09-08;ouvert;Equipe-01;;
X-0905;905;2025-09-09;ouvert;Equipe-02;;
X-0906;906;2025-09-10;ouvert;Equipe-03;;
X-0907;907;2025-09-11;ouvert;Equipe-04;;
X-0908;908;2025-09-12;ouvert;Equipe-05;;
X-0909;909;2025-09-13;ouvert;Equipe-06;;
X-0910;910;2025-09-14;ouvert;Equipe-07;;
X-0911;911;2025-09-15;ouvert;Equipe-01;;
X-0912;912;2025-09-16;ouvert;Equipe-02;;
X-0913;913;2025-09-17;clos;Equipe-03;;
X-0914;914;2025-09-18;ouvert;Equipe-04;;
X-0915;915;2025-09-19;ouvert;Equipe-05;;
X-0916;916;2025-09-20;ouvert;Equipe-06;;
X-0917;917;2025-09-21;ouvert;Equipe-07;;
X-0918;918;2025-09-22;ouvert;Equipe-01;;
X-0919;919;2025-09-23;ouvert;Equipe-02;;
X-0920;920;2025-09-24;ouvert;Equipe-03;;
X-0921;921;2025-09-25;ouvert;Equipe-04;;
X-0922;922;2025-09-26;ouvert;Equipe-05;;
X-0923;923;2025-09-27;ouvert;Equipe-06;;
X-0924;924;2025-09-28;clos;Equipe-07;;
X-0925;925;2025-10-01;ouvert;Equipe-01;;
X-0926;926;2025-10-02;ouvert;Equipe-02;;
X-0927;927;2025-10-03;ouvert;Equipe-03;;
X-0928;928;2025-10-04;ouvert;Equipe-04;;
X-0929;929;2025-10-05;ouvert;Equipe-05;;
X-0930;930;2025-10-06;ouvert;Equipe-06;;
X-0931;931;2025-10-07;ouvert;Equipe-07;;
X-0932;932;2025-10-08;ouvert;Equipe-01;;
X-0933;933;2025-10-09;ouvert;Equipe-02;;
X-0934;934;2025-10-10;ouvert;Equipe-03;;
X-0935;935;2025-10-11;clos;Equipe-04;;
X-0936;936;2025-10-12;ouvert;Equipe-05;;
X-0937;937;2025-10-13;ouvert;Equipe-06;;
X-0938;938;2025-10-14;ouvert;Equipe-07;;
X-0939;939;2025-10-15;ouvert;Equipe-01;;
X-0940;940;2025-10-16;ouvert;Equipe-02;;
X-0941;941;2025-10-17;ouvert;Equipe-03;;
X-0942;942;2025-10-18;ouvert;Equipe-04;;
X-0943;943;2025-10-19;ouvert;Equipe-05;;
X-0944;944;2025-10-20;ouvert;Equipe-06;;
X-0945;945;2025-10-21;ouvert;Equipe-07;;
X-0946;946;2025-10-22;clos;Equipe-01;;
X-0947;947;2025-10-23;ouvert;Equipe-02;;
X-0948;948;2025-10-24;ouvert;Equipe-03;;
X-0949;949;2025-10-25;ouvert;Equipe-04;;
X-0950;950;2025-10-26;ouvert;Equipe-05;;
X-0951;951;2025-10-27;ouvert;Equipe-06;;
X-0952;952;2025-10-28;ouvert;Equipe-07;;
X-0953;953;2025-11-01;ouvert;Equipe-01;;
X-0954;954;2025-11-02;ouvert;Equipe-02;;
X-0955;955;2025-11-03;ouvert;Equipe-03;;
X-0956;956;2025-11-04;ouvert;Equipe-04;;
X-0957;957;2025-11-05;clos;Equipe-05;;
X-0958;958;2025-11-06;ouvert;Equipe-06;;
X-0959;959;2025-11-07;ouvert;Equipe-07;;
X-0960;960;2025-11-08;ouvert;Equipe-01;;
X-0961;961;2025-11-09;ouvert;Equipe-02;;
X-0962;962;2025-11-10;ouvert;Equipe-03;;
X-0963;963;2025-11-11;ouvert;Equipe-04;;
X-0964;964;2025-11-12;ouvert;Equipe-05;;
X-0965;965;2025-11-13;ouvert;Equipe-06;;
X-0966;966;2025-11-14;ouvert;Equipe-07;;
X-0967;967;2025-11-15;ouvert;Equipe-01;;
X-0968;968;2025-11-16;clos;Equipe-02;;
X-0969;969;2025-11-17;ouvert;Equipe-03;;
X-0970;970;2025-11-18;ouvert;Equipe-04;;"Contrôle manuel demandé ; donnée entièrement fictive"
X-0971;971;2025-11-19;ouvert;Equipe-05;;
X-0972;972;2025-11-20;ouvert;Equipe-06;;
X-0973;973;2025-11-21;ouvert;Equipe-07;;
X-0974;974;2025-11-22;ouvert;Equipe-01;;
X-0975;975;2025-11-23;ouvert;Equipe-02;;
X-0976;976;2025-11-24;ouvert;Equipe-03;;
X-0977;977;2025-11-25;ouvert;Equipe-04;;
X-0978;978;2025-11-26;ouvert;Equipe-05;;
X-0979;979;2025-11-27;clos;Equipe-06;;
X-0980;980;2025-11-28;ouvert;Equipe-07;;
X-0981;981;2025-12-01;ouvert;Equipe-01;;
X-0982;982;2025-12-02;ouvert;Equipe-02;;
X-0983;983;2025-12-03;ouvert;Equipe-03;;
X-0984;984;2025-12-04;ouvert;Equipe-04;;
X-0985;985;2025-12-05;ouvert;Equipe-05;;
X-0986;986;2025-12-06;ouvert;Equipe-06;;
X-0987;987;2025-12-07;ouvert;Equipe-07;;
X-0988;988;2025-12-08;ouvert;Equipe-01;;
X-0989;989;2025-12-09;ouvert;Equipe-02;;
X-0990;990;2025-12-10;clos;Equipe-03;;
X-0991;991;2025-12-11;ouvert;Equipe-04;;
X-0992;992;2025-12-12;ouvert;Equipe-05;;
X-0993;993;2025-12-13;ouvert;Equipe-06;;
X-0994;994;2025-12-14;ouvert;Equipe-07;;
X-0995;995;2025-12-15;ouvert;Equipe-01;;
X-0996;996;2025-12-16;ouvert;Equipe-02;;
X-0997;997;2025-12-17;ouvert;Equipe-03;;
X-0998;998;2025-12-18;ouvert;Equipe-04;;
X-0999;999;2025-12-19;ouvert;Equipe-05;;
X-1000;1000;2025-12-20;ouvert;Equipe-06;;
X-1001;1001;2025-12-21;clos;Equipe-07;;
X-1002;1002;2025-12-22;ouvert;Equipe-01;;
X-1003;1003;2025-12-23;ouvert;Equipe-02;;
X-1004;1004;2025-12-24;ouvert;Equipe-03;;
X-1005;1005;2025-12-25;ouvert;Equipe-04;;
X-1006;1006;2025-12-26;ouvert;Equipe-05;;
X-1007;1007;2025-12-27;ouvert;Equipe-06;;
X-1008;1008;2025-12-28;ouvert;Equipe-07;;
X-1009;1009;2025-01-01;ouvert;Equipe-01;;
X-1010;1010;2025-01-02;ouvert;Equipe-02;;
X-1011;1011;2025-01-03;ouvert;Equipe-03;;
X-1012;1012;2025-01-04;clos;Equipe-04;;
X-1013;1013;2025-01-05;ouvert;Equipe-05;;
X-1014;1014;2025-01-06;ouvert;Equipe-06;;
X-1015;1015;2025-01-07;ouvert;Equipe-07;;
X-1016;1016;2025-01-08;ouvert;Equipe-01;;
X-1017;1017;2025-01-09;ouvert;Equipe-02;;
X-1018;1018;2025-01-10;ouvert;Equipe-03;;
X-1019;1019;2025-01-11;ouvert;Equipe-04;;
X-1020;1020;2025-01-12;ouvert;Equipe-05;;
X-1021;1021;2025-01-13;ouvert;Equipe-06;;
X-1022;1022;2025-01-14;ouvert;Equipe-07;;
X-1023;1023;2025-01-15;clos;Equipe-01;;
X-1024;1024;2025-01-16;ouvert;Equipe-02;;
X-1025;1025;2025-01-17;ouvert;Equipe-03;;
X-1026;1026;2025-01-18;ouvert;Equipe-04;;
X-1027;1027;2025-01-19;ouvert;Equipe-05;;
X-1028;1028;2025-01-20;ouvert;Equipe-06;;
X-1029;1029;2025-01-21;ouvert;Equipe-07;;
X-1030;1030;2025-01-22;ouvert;Equipe-01;;
X-1031;1031;2025-01-23;ouvert;Equipe-02;;
X-1032;1032;2025-01-24;ouvert;Equipe-03;;
X-1033;1033;2025-01-25;ouvert;Equipe-04;;
X-1034;1034;2025-01-26;clos;Equipe-05;;
X-1035;1035;2025-01-27;ouvert;Equipe-06;;
X-1036;1036;2025-01-28;ouvert;Equipe-07;;
X-1037;1037;2025-02-01;ouvert;Equipe-01;;
X-1038;1038;2025-02-02;ouvert;Equipe-02;;
X-1039;1039;2025-02-03;ouvert;Equipe-03;;
X-1040;1040;2025-02-04;ouvert;Equipe-04;;
X-1041;1041;2025-02-05;ouvert;Equipe-05;;
X-1042;1042;2025-02-06;ouvert;Equipe-06;;
X-1043;1043;2025-02-07;ouvert;Equipe-07;;
X-1044;1044;2025-02-08;ouvert;Equipe-01;;
X-1045;1045;2025-02-09;clos;Equipe-02;;
X-1046;1046;2025-02-10;ouvert;Equipe-03;;
X-1047;1047;2025-02-11;ouvert;Equipe-04;;
X-1048;1048;2025-02-12;ouvert;Equipe-05;;
X-1049;1049;2025-02-13;ouvert;Equipe-06;;
X-1050;1050;2025-02-14;ouvert;Equipe-07;;
X-1051;1051;2025-02-15;ouvert;Equipe-01;;
X-1052;1052;2025-02-16;ouvert;Equipe-02;;
X-1053;1053;2025-02-17;ouvert;Equipe-03;;
X-1054;1054;2025-02-18;ouvert;Equipe-04;;
X-1055;1055;2025-02-19;ouvert;Equipe-05;;
X-1056;1056;2025-02-20;clos;Equipe-06;;
X-1057;1057;2025-02-21;ouvert;Equipe-07;;
X-1058;1058;2025-02-22;ouvert;Equipe-01;;
X-1059;1059;2025-02-23;ouvert;Equipe-02;;
X-1060;1060;2025-02-24;ouvert;Equipe-03;;
X-1061;1061;2025-02-25;ouvert;Equipe-04;;
X-1062;1062;2025-02-26;ouvert;Equipe-05;;
X-1063;1063;2025-02-27;ouvert;Equipe-06;;
X-1064;1064;2025-02-28;ouvert;Equipe-07;;
X-1065;1065;2025-03-01;ouvert;Equipe-01;;
X-1066;1066;2025-03-02;ouvert;Equipe-02;;
X-1067;1067;2025-03-03;clos;Equipe-03;;"Contrôle manuel demandé ; donnée entièrement fictive"
X-1068;1068;2025-03-04;ouvert;Equipe-04;;
X-1069;1069;2025-03-05;ouvert;Equipe-05;;
X-1070;1070;2025-03-06;ouvert;Equipe-06;;
X-1071;1071;2025-03-07;ouvert;Equipe-07;;
X-1072;1072;2025-03-08;ouvert;Equipe-01;;
X-1073;1073;2025-03-09;ouvert;Equipe-02;;
X-1074;1074;2025-03-10;ouvert;Equipe-03;;
X-1075;1075;2025-03-11;ouvert;Equipe-04;;
X-1076;1076;2025-03-12;ouvert;Equipe-05;;
X-1077;1077;2025-03-13;ouvert;Equipe-06;;
X-1078;1078;2025-03-14;clos;Equipe-07;;
X-1079;1079;2025-03-15;ouvert;Equipe-01;;
X-1080;1080;2025-03-16;ouvert;Equipe-02;;
X-1081;1081;2025-03-17;ouvert;Equipe-03;;
X-1082;1082;2025-03-18;ouvert;Equipe-04;;
X-1083;1083;2025-03-19;ouvert;Equipe-05;;
X-1084;1084;2025-03-20;ouvert;Equipe-06;;
X-1085;1085;2025-03-21;ouvert;Equipe-07;;
X-1086;1086;2025-03-22;ouvert;Equipe-01;;
X-1087;1087;2025-03-23;ouvert;Equipe-02;;
X-1088;1088;2025-03-24;ouvert;Equipe-03;;
X-1089;1089;2025-03-25;clos;Equipe-04;;
X-1090;1090;2025-03-26;ouvert;Equipe-05;;
X-1091;1091;2025-03-27;ouvert;Equipe-06;;
X-1092;1092;2025-03-28;ouvert;Equipe-07;;
X-1093;1093;2025-04-01;ouvert;Equipe-01;;
X-1094;1094;2025-04-02;ouvert;Equipe-02;;
X-1095;1095;2025-04-03;ouvert;Equipe-03;;
X-1096;1096;2025-04-04;ouvert;Equipe-04;;
X-1097;1097;2025-04-05;ouvert;Equipe-05;;
X-1098;1098;2025-04-06;ouvert;Equipe-06;;
X-1099;1099;2025-04-07;ouvert;Equipe-07;;
X-1100;1100;2025-04-08;clos;Equipe-01;;
X-1101;1101;2025-04-09;ouvert;Equipe-02;;
X-1102;1102;2025-04-10;ouvert;Equipe-03;;
X-1103;1103;2025-04-11;ouvert;Equipe-04;;
X-1104;1104;2025-04-12;ouvert;Equipe-05;;
X-1105;1105;2025-04-13;ouvert;Equipe-06;;
X-1106;1106;2025-04-14;ouvert;Equipe-07;;
X-1107;1107;2025-04-15;ouvert;Equipe-01;;
X-1108;1108;2025-04-16;ouvert;Equipe-02;;
X-1109;1109;2025-04-17;ouvert;Equipe-03;;
X-1110;1110;2025-04-18;ouvert;Equipe-04;;
X-1111;1111;2025-04-19;clos;Equipe-05;;
X-1112;1112;2025-04-20;ouvert;Equipe-06;;
X-1113;1113;2025-04-21;ouvert;Equipe-07;;
X-1114;1114;2025-04-22;ouvert;Equipe-01;;
X-1115;1115;2025-04-23;ouvert;Equipe-02;;
X-1116;1116;2025-04-24;ouvert;Equipe-03;;
X-1117;1117;2025-04-25;ouvert;Equipe-04;;
X-1118;1118;2025-04-26;ouvert;Equipe-05;;
X-1119;1119;2025-04-27;ouvert;Equipe-06;;
X-1120;1120;2025-04-28;ouvert;Equipe-07;;
X-1121;1121;2025-05-01;ouvert;Equipe-01;;
X-1122;1122;2025-05-02;clos;Equipe-02;;
X-1123;1123;2025-05-03;ouvert;Equipe-03;;
X-1124;1124;2025-05-04;ouvert;Equipe-04;;
X-1125;1125;2025-05-05;ouvert;Equipe-05;;
X-1126;1126;2025-05-06;ouvert;Equipe-06;;
X-1127;1127;2025-05-07;ouvert;Equipe-07;;
X-1128;1128;2025-05-08;ouvert;Equipe-01;;
X-1129;1129;2025-05-09;ouvert;Equipe-02;;
X-1130;1130;2025-05-10;ouvert;Equipe-03;;
X-1131;1131;2025-05-11;ouvert;Equipe-04;;
X-1132;1132;2025-05-12;ouvert;Equipe-05;;
X-1133;1133;2025-05-13;clos;Equipe-06;;
X-1134;1134;2025-05-14;ouvert;Equipe-07;;
X-1135;1135;2025-05-15;ouvert;Equipe-01;;
X-1136;1136;2025-05-16;ouvert;Equipe-02;;
X-1137;1137;2025-05-17;ouvert;Equipe-03;;
X-1138;1138;2025-05-18;ouvert;Equipe-04;;
X-1139;1139;2025-05-19;ouvert;Equipe-05;;
X-1140;1140;2025-05-20;ouvert;Equipe-06;;
X-1141;1141;2025-05-21;ouvert;Equipe-07;;
X-1142;1142;2025-05-22;ouvert;Equipe-01;;
X-1143;1143;2025-05-23;ouvert;Equipe-02;;
X-1144;1144;2025-05-24;clos;Equipe-03;;
X-1145;1145;2025-05-25;ouvert;Equipe-04;;
X-1146;1146;2025-05-26;ouvert;Equipe-05;;
X-1147;1147;2025-05-27;ouvert;Equipe-06;;
X-1148;1148;2025-05-28;ouvert;Equipe-07;;
X-1149;1149;2025-06-01;ouvert;Equipe-01;;
X-1150;1150;2025-06-02;ouvert;Equipe-02;;
X-1151;1151;2025-06-03;ouvert;Equipe-03;;
X-1152;1152;2025-06-04;ouvert;Equipe-04;;
X-1153;1153;2025-06-05;ouvert;Equipe-05;;
X-1154;1154;2025-06-06;ouvert;Equipe-06;;
X-1155;1155;2025-06-07;clos;Equipe-07;;
X-1156;1156;2025-06-08;ouvert;Equipe-01;;
X-1157;1157;2025-06-09;ouvert;Equipe-02;;
X-1158;1158;2025-06-10;ouvert;Equipe-03;;
X-1159;1159;2025-06-11;ouvert;Equipe-04;;
X-1160;1160;2025-06-12;ouvert;Equipe-05;;
X-1161;1161;2025-06-13;ouvert;Equipe-06;;
X-1162;1162;2025-06-14;ouvert;Equipe-07;;
X-1163;1163;2025-06-15;ouvert;Equipe-01;;
X-1164;1164;2025-06-16;ouvert;Equipe-02;;"Contrôle manuel demandé ; donnée entièrement fictive"
X-1165;1165;2025-06-17;ouvert;Equipe-03;;
X-1166;1166;2025-06-18;clos;Equipe-04;;
X-1167;1167;2025-06-19;ouvert;Equipe-05;;
X-1168;1168;2025-06-20;ouvert;Equipe-06;;
X-1169;1169;2025-06-21;ouvert;Equipe-07;;
X-1170;1170;2025-06-22;ouvert;Equipe-01;;
X-1171;1171;2025-06-23;ouvert;Equipe-02;;
X-1172;1172;2025-06-24;ouvert;Equipe-03;;
X-1173;1173;2025-06-25;ouvert;Equipe-04;;
X-1174;1174;2025-06-26;ouvert;Equipe-05;;
X-1175;1175;2025-06-27;ouvert;Equipe-06;;
X-1176;1176;2025-06-28;ouvert;Equipe-07;;
X-1177;1177;2025-07-01;clos;Equipe-01;;
X-1178;1178;2025-07-02;ouvert;Equipe-02;;
X-1179;1179;2025-07-03;ouvert;Equipe-03;;
X-1180;1180;2025-07-04;ouvert;Equipe-04;;
X-1181;1181;2025-07-05;ouvert;Equipe-05;;
X-1182;1182;2025-07-06;ouvert;Equipe-06;;
X-1183;1183;2025-07-07;ouvert;Equipe-07;;
X-1184;1184;2025-07-08;ouvert;Equipe-01;;
X-1185;1185;2025-07-09;ouvert;Equipe-02;;
X-1186;1186;2025-07-10;ouvert;Equipe-03;;
X-1187;1187;2025-07-11;ouvert;Equipe-04;;
X-1188;1188;2025-07-12;clos;Equipe-05;;
X-1189;1189;2025-07-13;ouvert;Equipe-06;;
X-1190;1190;2025-07-14;ouvert;Equipe-07;;
X-1191;1191;2025-07-15;ouvert;Equipe-01;;
X-1192;1192;2025-07-16;ouvert;Equipe-02;;
X-1193;1193;2025-07-17;ouvert;Equipe-03;;
X-1194;1194;2025-07-18;ouvert;Equipe-04;;
X-1195;1195;2025-07-19;ouvert;Equipe-05;;
X-1196;1196;2025-07-20;ouvert;Equipe-06;;
X-1197;1197;2025-07-21;ouvert;Equipe-07;;
X-1198;1198;2025-07-22;ouvert;Equipe-01;;
X-1199;1199;2025-07-23;clos;Equipe-02;;
X-1200;1200;2025-07-24;ouvert;Equipe-03;;
X-1201;1201;2025-07-25;ouvert;Equipe-04;;
X-1202;1202;2025-07-26;ouvert;Equipe-05;;
X-1203;1203;2025-07-27;ouvert;Equipe-06;;
X-1204;1204;2025-07-28;ouvert;Equipe-07;;
X-1205;1205;2025-08-01;ouvert;Equipe-01;;
X-1206;1206;2025-08-02;ouvert;Equipe-02;;
X-1207;1207;2025-08-03;ouvert;Equipe-03;;
X-1208;1208;2025-08-04;ouvert;Equipe-04;;
X-1209;1209;2025-08-05;ouvert;Equipe-05;;
X-1210;1210;2025-08-06;clos;Equipe-06;;
X-1211;1211;2025-08-07;ouvert;Equipe-07;;
X-1212;1212;2025-08-08;ouvert;Equipe-01;;
X-1213;1213;2025-08-09;ouvert;Equipe-02;;
X-1214;1214;2025-08-10;ouvert;Equipe-03;;
X-1215;1215;2025-08-11;ouvert;Equipe-04;;
X-1216;1216;2025-08-12;ouvert;Equipe-05;;
X-1217;1217;2025-08-13;ouvert;Equipe-06;;
X-1218;1218;2025-08-14;ouvert;Equipe-07;;
X-1219;1219;2025-08-15;ouvert;Equipe-01;;
X-1220;1220;2025-08-16;ouvert;Equipe-02;;
X-1221;1221;2025-08-17;clos;Equipe-03;;
X-1222;1222;2025-08-18;ouvert;Equipe-04;;
X-1223;1223;2025-08-19;ouvert;Equipe-05;;
X-1224;1224;2025-08-20;ouvert;Equipe-06;;
X-1225;1225;2025-08-21;ouvert;Equipe-07;;
X-1226;1226;2025-08-22;ouvert;Equipe-01;;
X-1227;1227;2025-08-23;ouvert;Equipe-02;;
X-1228;1228;2025-08-24;ouvert;Equipe-03;;
X-1229;1229;2025-08-25;ouvert;Equipe-04;;
X-1230;1230;2025-08-26;ouvert;Equipe-05;;
X-1231;1231;2025-08-27;ouvert;Equipe-06;;
X-1232;1232;2025-08-28;clos;Equipe-07;;
X-1233;1233;2025-09-01;ouvert;Equipe-01;;
X-1234;1234;2025-09-02;ouvert;Equipe-02;;
X-1235;1235;2025-09-03;ouvert;Equipe-03;;
X-1236;1236;2025-09-04;ouvert;Equipe-04;;
X-1237;1237;2025-09-05;ouvert;Equipe-05;;
X-1238;1238;2025-09-06;ouvert;Equipe-06;;
X-1239;1239;2025-09-07;ouvert;Equipe-07;;
X-1240;1240;2025-09-08;ouvert;Equipe-01;;
X-1241;1241;2025-09-09;ouvert;Equipe-02;;
X-1242;1242;2025-09-10;ouvert;Equipe-03;;
X-1243;1243;2025-09-11;clos;Equipe-04;;
X-1244;1244;2025-09-12;ouvert;Equipe-05;;
X-1245;1245;2025-09-13;ouvert;Equipe-06;;
X-1246;1246;2025-09-14;ouvert;Equipe-07;;
X-1247;1247;2025-09-15;ouvert;Equipe-01;;
X-1248;1248;2025-09-16;ouvert;Equipe-02;;
X-1249;1249;2025-09-17;ouvert;Equipe-03;;
X-1250;1250;2025-09-18;ouvert;Equipe-04;;
X-1251;1251;2025-09-19;ouvert;Equipe-05;;
X-1252;1252;2025-09-20;ouvert;Equipe-06;;
X-1253;1253;2025-09-21;ouvert;Equipe-07;;
X-1254;1254;2025-09-22;clos;Equipe-01;;
X-1255;1255;2025-09-23;ouvert;Equipe-02;;
X-1256;1256;2025-09-24;ouvert;Equipe-03;;
X-1257;1257;2025-09-25;ouvert;Equipe-04;;
X-1258;1258;2025-09-26;ouvert;Equipe-05;;
X-1259;1259;2025-09-27;ouvert;Equipe-06;;
X-1260;1260;2025-09-28;ouvert;Equipe-07;;
X-1261;1261;2025-10-01;ouvert;Equipe-01;;"Contrôle manuel demandé ; donnée entièrement fictive"
X-1262;1262;2025-10-02;ouvert;Equipe-02;;
X-1263;1263;2025-10-03;ouvert;Equipe-03;;
X-1264;1264;2025-10-04;ouvert;Equipe-04;;
X-1265;1265;2025-10-05;clos;Equipe-05;;
X-1266;1266;2025-10-06;ouvert;Equipe-06;;
X-1267;1267;2025-10-07;ouvert;Equipe-07;;
X-1268;1268;2025-10-08;ouvert;Equipe-01;;
X-1269;1269;2025-10-09;ouvert;Equipe-02;;
X-1270;1270;2025-10-10;ouvert;Equipe-03;;
X-1271;1271;2025-10-11;ouvert;Equipe-04;;
X-1272;1272;2025-10-12;ouvert;Equipe-05;;
X-1273;1273;2025-10-13;ouvert;Equipe-06;;
X-1274;1274;2025-10-14;ouvert;Equipe-07;;
X-1275;1275;2025-10-15;ouvert;Equipe-01;;
X-1276;1276;2025-10-16;clos;Equipe-02;;
X-1277;1277;2025-10-17;ouvert;Equipe-03;;
X-1278;1278;2025-10-18;ouvert;Equipe-04;;
X-1279;1279;2025-10-19;ouvert;Equipe-05;;
X-1280;1280;2025-10-20;ouvert;Equipe-06;;
X-1281;1281;2025-10-21;ouvert;Equipe-07;;
X-1282;1282;2025-10-22;ouvert;Equipe-01;;
X-1283;1283;2025-10-23;ouvert;Equipe-02;;
X-1284;1284;2025-10-24;ouvert;Equipe-03;;
X-1285;1285;2025-10-25;ouvert;Equipe-04;;
X-1286;1286;2025-10-26;ouvert;Equipe-05;;
X-1287;1287;2025-10-27;clos;Equipe-06;;
X-1288;1288;2025-10-28;ouvert;Equipe-07;;
X-1289;1289;2025-11-01;ouvert;Equipe-01;;
X-1290;1290;2025-11-02;ouvert;Equipe-02;;
X-1291;1291;2025-11-03;ouvert;Equipe-03;;
X-1292;1292;2025-11-04;ouvert;Equipe-04;;
X-1293;1293;2025-11-05;ouvert;Equipe-05;;
X-1294;1294;2025-11-06;ouvert;Equipe-06;;
X-1295;1295;2025-11-07;ouvert;Equipe-07;;
X-1296;1296;2025-11-08;ouvert;Equipe-01;;
X-1297;1297;2025-11-09;ouvert;Equipe-02;;
X-1298;1298;2025-11-10;clos;Equipe-03;;
X-1299;1299;2025-11-11;ouvert;Equipe-04;;
X-1300;1300;2025-11-12;ouvert;Equipe-05;;
X-1301;1301;2025-11-13;ouvert;Equipe-06;;
X-1302;1302;2025-11-14;ouvert;Equipe-07;;
X-1303;1303;2025-11-15;ouvert;Equipe-01;;
X-1304;1304;2025-11-16;ouvert;Equipe-02;;
X-1305;1305;2025-11-17;ouvert;Equipe-03;;
X-1306;1306;2025-11-18;ouvert;Equipe-04;;
X-1307;1307;2025-11-19;ouvert;Equipe-05;;
X-1308;1308;2025-11-20;ouvert;Equipe-06;;
X-1309;1309;2025-11-21;clos;Equipe-07;;
X-1310;1310;2025-11-22;ouvert;Equipe-01;;
X-1311;1311;2025-11-23;ouvert;Equipe-02;;
X-1312;1312;2025-11-24;ouvert;Equipe-03;;
X-1313;1313;2025-11-25;ouvert;Equipe-04;;
X-1314;1314;2025-11-26;ouvert;Equipe-05;;
X-1315;1315;2025-11-27;ouvert;Equipe-06;;
X-1316;1316;2025-11-28;ouvert;Equipe-07;;
X-1317;1317;2025-12-01;ouvert;Equipe-01;;
X-1318;1318;2025-12-02;ouvert;Equipe-02;;
X-1319;1319;2025-12-03;ouvert;Equipe-03;;
X-1320;1320;2025-12-04;clos;Equipe-04;;
X-1321;1321;2025-12-05;ouvert;Equipe-05;;
X-1322;1322;2025-12-06;ouvert;Equipe-06;;
X-1323;1323;2025-12-07;ouvert;Equipe-07;;
X-1324;1324;2025-12-08;ouvert;Equipe-01;;
X-1325;1325;2025-12-09;ouvert;Equipe-02;;
X-1326;1326;2025-12-10;ouvert;Equipe-03;;
X-1327;1327;2025-12-11;ouvert;Equipe-04;;
X-1328;1328;2025-12-12;ouvert;Equipe-05;;
X-1329;1329;2025-12-13;ouvert;Equipe-06;;
X-1330;1330;2025-12-14;ouvert;Equipe-07;;
X-1331;1331;2025-12-15;clos;Equipe-01;;
X-1332;1332;2025-12-16;ouvert;Equipe-02;;
X-1333;1333;2025-12-17;ouvert;Equipe-03;;
X-1334;1334;2025-12-18;ouvert;Equipe-04;;
X-1335;1335;2025-12-19;ouvert;Equipe-05;;
X-1336;1336;2025-12-20;ouvert;Equipe-06;;
X-1337;1337;2025-12-21;ouvert;Equipe-07;;
X-1338;1338;2025-12-22;ouvert;Equipe-01;;
X-1339;1339;2025-12-23;ouvert;Equipe-02;;
X-1340;1340;2025-12-24;ouvert;Equipe-03;;
X-1341;1341;2025-12-25;ouvert;Equipe-04;;
X-1342;1342;2025-12-26;clos;Equipe-05;;
X-1343;1343;2025-12-27;ouvert;Equipe-06;;
X-1344;1344;2025-12-28;ouvert;Equipe-07;;
X-1345;1345;2025-01-01;ouvert;Equipe-01;;
X-1346;1346;2025-01-02;ouvert;Equipe-02;;
X-1347;1347;2025-01-03;ouvert;Equipe-03;;
X-1348;1348;2025-01-04;ouvert;Equipe-04;;
X-1349;1349;2025-01-05;ouvert;Equipe-05;;
X-1350;1350;2025-01-06;ouvert;Equipe-06;;
X-1351;1351;2025-01-07;ouvert;Equipe-07;;
X-1352;1352;2025-01-08;ouvert;Equipe-01;;
X-1353;1353;2025-01-09;clos;Equipe-02;;
X-1354;1354;2025-01-10;ouvert;Equipe-03;;
X-1355;1355;2025-01-11;ouvert;Equipe-04;;
X-1356;1356;2025-01-12;ouvert;Equipe-05;;
X-1357;1357;2025-01-13;ouvert;Equipe-06;;
X-1358;1358;2025-01-14;ouvert;Equipe-07;;"Contrôle manuel demandé ; donnée entièrement fictive"
X-1359;1359;2025-01-15;ouvert;Equipe-01;;
X-1360;1360;2025-01-16;ouvert;Equipe-02;;
X-1361;1361;2025-01-17;ouvert;Equipe-03;;
X-1362;1362;2025-01-18;ouvert;Equipe-04;;
X-1363;1363;2025-01-19;ouvert;Equipe-05;;
X-1364;1364;2025-01-20;clos;Equipe-06;;
X-1365;1365;2025-01-21;ouvert;Equipe-07;;
X-1366;1366;2025-01-22;ouvert;Equipe-01;;
X-1367;1367;2025-01-23;ouvert;Equipe-02;;
X-1368;1368;2025-01-24;ouvert;Equipe-03;;
X-1369;1369;2025-01-25;ouvert;Equipe-04;;
X-1370;1370;2025-01-26;ouvert;Equipe-05;;
X-1371;1371;2025-01-27;ouvert;Equipe-06;;
X-1372;1372;2025-01-28;ouvert;Equipe-07;;
X-1373;1373;2025-02-01;ouvert;Equipe-01;;
X-1374;1374;2025-02-02;ouvert;Equipe-02;;
X-1375;1375;2025-02-03;clos;Equipe-03;;
X-1376;1376;2025-02-04;ouvert;Equipe-04;;
X-1377;1377;2025-02-05;ouvert;Equipe-05;;
X-1378;1378;2025-02-06;ouvert;Equipe-06;;
X-1379;1379;2025-02-07;ouvert;Equipe-07;;
X-1380;1380;2025-02-08;ouvert;Equipe-01;;
X-1381;1381;2025-02-09;ouvert;Equipe-02;;
X-1382;1382;2025-02-10;ouvert;Equipe-03;;
X-1383;1383;2025-02-11;ouvert;Equipe-04;;
X-1384;1384;2025-02-12;ouvert;Equipe-05;;
X-1385;1385;2025-02-13;ouvert;Equipe-06;;
X-1386;1386;2025-02-14;clos;Equipe-07;;
X-1387;1387;2025-02-15;ouvert;Equipe-01;;
X-1388;1388;2025-02-16;ouvert;Equipe-02;;
X-1389;1389;2025-02-17;ouvert;Equipe-03;;
X-1390;1390;2025-02-18;ouvert;Equipe-04;;
X-1391;1391;2025-02-19;ouvert;Equipe-05;;
X-1392;1392;2025-02-20;ouvert;Equipe-06;;
X-1393;1393;2025-02-21;ouvert;Equipe-07;;
X-1394;1394;2025-02-22;ouvert;Equipe-01;;
X-1395;1395;2025-02-23;ouvert;Equipe-02;;
X-1396;1396;2025-02-24;ouvert;Equipe-03;;
X-1397;1397;2025-02-25;clos;Equipe-04;;
X-1398;1398;2025-02-26;ouvert;Equipe-05;;
X-1399;1399;2025-02-27;ouvert;Equipe-06;;
X-1400;1400;2025-02-28;ouvert;Equipe-07;;
X-1401;1401;2025-03-01;ouvert;Equipe-01;;
X-1402;1402;2025-03-02;ouvert;Equipe-02;;
X-1403;1403;2025-03-03;ouvert;Equipe-03;;
X-1404;1404;2025-03-04;ouvert;Equipe-04;;
X-1405;1405;2025-03-05;ouvert;Equipe-05;;
X-1406;1406;2025-03-06;ouvert;Equipe-06;;
X-1407;1407;2025-03-07;ouvert;Equipe-07;;
X-1408;1408;2025-03-08;clos;Equipe-01;;
X-1409;1409;2025-03-09;ouvert;Equipe-02;;
X-1410;1410;2025-03-10;ouvert;Equipe-03;;
X-1411;1411;2025-03-11;ouvert;Equipe-04;;
X-1412;1412;2025-03-12;ouvert;Equipe-05;;
X-1413;1413;2025-03-13;ouvert;Equipe-06;;
X-1414;1414;2025-03-14;ouvert;Equipe-07;;
X-1415;1415;2025-03-15;ouvert;Equipe-01;;
X-1416;1416;2025-03-16;ouvert;Equipe-02;;
X-1417;1417;2025-03-17;ouvert;Equipe-03;;
X-1418;1418;2025-03-18;ouvert;Equipe-04;;
X-1419;1419;2025-03-19;clos;Equipe-05;;
X-1420;1420;2025-03-20;ouvert;Equipe-06;;
X-1421;1421;2025-03-21;ouvert;Equipe-07;;
X-1422;1422;2025-03-22;ouvert;Equipe-01;;
X-1423;1423;2025-03-23;ouvert;Equipe-02;;
X-1424;1424;2025-03-24;ouvert;Equipe-03;;
X-1425;1425;2025-03-25;ouvert;Equipe-04;;
X-1426;1426;2025-03-26;ouvert;Equipe-05;;
X-1427;1427;2025-03-27;ouvert;Equipe-06;;
X-1428;1428;2025-03-28;ouvert;Equipe-07;;
X-1429;1429;2025-04-01;ouvert;Equipe-01;;
X-1430;1430;2025-04-02;clos;Equipe-02;;
X-1431;1431;2025-04-03;ouvert;Equipe-03;;
X-1432;1432;2025-04-04;ouvert;Equipe-04;;
X-1433;1433;2025-04-05;ouvert;Equipe-05;;
X-1434;1434;2025-04-06;ouvert;Equipe-06;;
X-1435;1435;2025-04-07;ouvert;Equipe-07;;
X-1436;1436;2025-04-08;ouvert;Equipe-01;;
X-1437;1437;2025-04-09;ouvert;Equipe-02;;
X-1438;1438;2025-04-10;ouvert;Equipe-03;;
X-1439;1439;2025-04-11;ouvert;Equipe-04;;
X-1440;1440;2025-04-12;ouvert;Equipe-05;;
X-1441;1441;2025-04-13;clos;Equipe-06;;
X-1442;1442;2025-04-14;ouvert;Equipe-07;;
X-1443;1443;2025-04-15;ouvert;Equipe-01;;
X-1444;1444;2025-04-16;ouvert;Equipe-02;;
X-1445;1445;2025-04-17;ouvert;Equipe-03;;
X-1446;1446;2025-04-18;ouvert;Equipe-04;;
X-1447;1447;2025-04-19;ouvert;Equipe-05;;
X-1448;1448;2025-04-20;ouvert;Equipe-06;;
X-1449;1449;2025-04-21;ouvert;Equipe-07;;
X-1450;1450;2025-04-22;ouvert;Equipe-01;;
X-1451;1451;2025-04-23;ouvert;Equipe-02;;
X-1452;1452;2025-04-24;clos;Equipe-03;;
X-1453;1453;2025-04-25;ouvert;Equipe-04;;
X-1454;1454;2025-04-26;ouvert;Equipe-05;;
X-1455;1455;2025-04-27;ouvert;Equipe-06;;"Contrôle manuel demandé ; donnée entièrement fictive"
X-1456;1456;2025-04-28;ouvert;Equipe-07;;
X-1457;1457;2025-05-01;ouvert;Equipe-01;;
X-1458;1458;2025-05-02;ouvert;Equipe-02;;
X-1459;1459;2025-05-03;ouvert;Equipe-03;;
X-1460;1460;2025-05-04;ouvert;Equipe-04;;
X-1461;1461;2025-05-05;ouvert;Equipe-05;;
X-1462;1462;2025-05-06;ouvert;Equipe-06;;
X-1463;1463;2025-05-07;clos;Equipe-07;;
X-1464;1464;2025-05-08;ouvert;Equipe-01;;
X-1465;1465;2025-05-09;ouvert;Equipe-02;;
X-1466;1466;2025-05-10;ouvert;Equipe-03;;
X-1467;1467;2025-05-11;ouvert;Equipe-04;;
X-1468;1468;2025-05-12;ouvert;Equipe-05;;
X-1469;1469;2025-05-13;ouvert;Equipe-06;;
X-1470;1470;2025-05-14;ouvert;Equipe-07;;
X-1471;1471;2025-05-15;ouvert;Equipe-01;;
X-1472;1472;2025-05-16;ouvert;Equipe-02;;
X-1473;1473;2025-05-17;ouvert;Equipe-03;;
X-1474;1474;2025-05-18;clos;Equipe-04;;
X-1475;1475;2025-05-19;ouvert;Equipe-05;;
X-1476;1476;2025-05-20;ouvert;Equipe-06;;
X-1477;1477;2025-05-21;ouvert;Equipe-07;;
X-1478;1478;2025-05-22;ouvert;Equipe-01;;
X-1479;1479;2025-05-23;ouvert;Equipe-02;;
X-1480;1480;2025-05-24;ouvert;Equipe-03;;
X-1481;1481;2025-05-25;ouvert;Equipe-04;;
X-1482;1482;2025-05-26;ouvert;Equipe-05;;
X-1483;1483;2025-05-27;ouvert;Equipe-06;;
X-1484;1484;2025-05-28;ouvert;Equipe-07;;
X-1485;1485;2025-06-01;clos;Equipe-01;;
X-1486;1486;2025-06-02;ouvert;Equipe-02;;
X-1487;1487;2025-06-03;ouvert;Equipe-03;;
X-1488;1488;2025-06-04;ouvert;Equipe-04;;
X-1489;1489;2025-06-05;ouvert;Equipe-05;;
X-1490;1490;2025-06-06;ouvert;Equipe-06;;
X-1491;1491;2025-06-07;ouvert;Equipe-07;;
X-1492;1492;2025-06-08;ouvert;Equipe-01;;
X-1493;1493;2025-06-09;ouvert;Equipe-02;;
X-1494;1494;2025-06-10;ouvert;Equipe-03;;
X-1495;1495;2025-06-11;ouvert;Equipe-04;;
X-1496;1496;2025-06-12;clos;Equipe-05;;
X-1497;1497;2025-06-13;ouvert;Equipe-06;;
X-1498;1498;2025-06-14;ouvert;Equipe-07;;
X-1499;1499;2025-06-15;ouvert;Equipe-01;;
X-1500;1500;2025-06-16;ouvert;Equipe-02;;
X-1501;1501;2025-06-17;ouvert;Equipe-03;;
X-1502;1502;2025-06-18;ouvert;Equipe-04;;
X-1503;1503;2025-06-19;ouvert;Equipe-05;;
X-1504;1504;2025-06-20;ouvert;Equipe-06;;
X-1505;1505;2025-06-21;ouvert;Equipe-07;;
X-1506;1506;2025-06-22;ouvert;Equipe-01;;
X-1507;1507;2025-06-23;clos;Equipe-02;;
X-1508;1508;2025-06-24;ouvert;Equipe-03;;
X-1509;1509;2025-06-25;ouvert;Equipe-04;;
X-1510;1510;2025-06-26;ouvert;Equipe-05;;
X-1511;1511;2025-06-27;ouvert;Equipe-06;;
X-1512;1512;2025-06-28;ouvert;Equipe-07;;
X-1513;1513;2025-07-01;ouvert;Equipe-01;;
X-1514;1514;2025-07-02;ouvert;Equipe-02;;
X-1515;1515;2025-07-03;ouvert;Equipe-03;;
X-1516;1516;2025-07-04;ouvert;Equipe-04;;
X-1517;1517;2025-07-05;ouvert;Equipe-05;;
X-1518;1518;2025-07-06;clos;Equipe-06;;
X-1519;1519;2025-07-07;ouvert;Equipe-07;;
X-1520;1520;2025-07-08;ouvert;Equipe-01;;
X-1521;1521;2025-07-09;ouvert;Equipe-02;;
X-1522;1522;2025-07-10;ouvert;Equipe-03;;
X-1523;1523;2025-07-11;ouvert;Equipe-04;;
X-1524;1524;2025-07-12;ouvert;Equipe-05;;
X-1525;1525;2025-07-13;ouvert;Equipe-06;;
X-1526;1526;2025-07-14;ouvert;Equipe-07;;
X-1527;1527;2025-07-15;ouvert;Equipe-01;;
X-1528;1528;2025-07-16;ouvert;Equipe-02;;
X-1529;1529;2025-07-17;clos;Equipe-03;;
X-1530;1530;2025-07-18;ouvert;Equipe-04;;
X-1531;1531;2025-07-19;ouvert;Equipe-05;;
X-1532;1532;2025-07-20;ouvert;Equipe-06;;
X-1533;1533;2025-07-21;ouvert;Equipe-07;;
X-1534;1534;2025-07-22;ouvert;Equipe-01;;
X-1535;1535;2025-07-23;ouvert;Equipe-02;;
X-1536;1536;2025-07-24;ouvert;Equipe-03;;
X-1537;1537;2025-07-25;ouvert;Equipe-04;;
X-1538;1538;2025-07-26;ouvert;Equipe-05;;
X-1539;1539;2025-07-27;ouvert;Equipe-06;;
X-1540;1540;2025-07-28;clos;Equipe-07;;
X-1541;1541;2025-08-01;ouvert;Equipe-01;;
X-1542;1542;2025-08-02;ouvert;Equipe-02;;
X-1543;1543;2025-08-03;ouvert;Equipe-03;;
X-1544;1544;2025-08-04;ouvert;Equipe-04;;
X-1545;1545;2025-08-05;ouvert;Equipe-05;;
X-1546;1546;2025-08-06;ouvert;Equipe-06;;
X-1547;1547;2025-08-07;ouvert;Equipe-07;;
X-1548;1548;2025-08-08;ouvert;Equipe-01;;
X-1549;1549;2025-08-09;ouvert;Equipe-02;;
X-1550;1550;2025-08-10;ouvert;Equipe-03;;
X-1551;1551;2025-08-11;clos;Equipe-04;;
X-1552;1552;2025-08-12;ouvert;Equipe-05;;"Contrôle manuel demandé ; donnée entièrement fictive"
X-1553;1553;2025-08-13;ouvert;Equipe-06;;
X-1554;1554;2025-08-14;ouvert;Equipe-07;;
X-1555;1555;2025-08-15;ouvert;Equipe-01;;
X-1556;1556;2025-08-16;ouvert;Equipe-02;;
X-1557;1557;2025-08-17;ouvert;Equipe-03;;
X-1558;1558;2025-08-18;ouvert;Equipe-04;;
X-1559;1559;2025-08-19;ouvert;Equipe-05;;
X-1560;1560;2025-08-20;ouvert;Equipe-06;;
X-1561;1561;2025-08-21;ouvert;Equipe-07;;
X-1562;1562;2025-08-22;clos;Equipe-01;;
X-1563;1563;2025-08-23;ouvert;Equipe-02;;
X-1564;1564;2025-08-24;ouvert;Equipe-03;;
X-1565;1565;2025-08-25;ouvert;Equipe-04;;
X-1566;1566;2025-08-26;ouvert;Equipe-05;;
X-1567;1567;2025-08-27;ouvert;Equipe-06;;
X-1568;1568;2025-08-28;ouvert;Equipe-07;;
X-1569;1569;2025-09-01;ouvert;Equipe-01;;
X-1570;1570;2025-09-02;ouvert;Equipe-02;;
X-1571;1571;2025-09-03;ouvert;Equipe-03;;
X-1572;1572;2025-09-04;ouvert;Equipe-04;;
X-1573;1573;2025-09-05;clos;Equipe-05;;
X-1574;1574;2025-09-06;ouvert;Equipe-06;;
X-1575;1575;2025-09-07;ouvert;Equipe-07;;
X-1576;1576;2025-09-08;ouvert;Equipe-01;;
X-1577;1577;2025-09-09;ouvert;Equipe-02;;
X-1578;1578;2025-09-10;ouvert;Equipe-03;;
X-1579;1579;2025-09-11;ouvert;Equipe-04;;
X-1580;1580;2025-09-12;ouvert;Equipe-05;;
X-1581;1581;2025-09-13;ouvert;Equipe-06;;
X-1582;1582;2025-09-14;ouvert;Equipe-07;;
X-1583;1583;2025-09-15;ouvert;Equipe-01;;
X-1584;1584;2025-09-16;clos;Equipe-02;;
X-1585;1585;2025-09-17;ouvert;Equipe-03;;
X-1586;1586;2025-09-18;ouvert;Equipe-04;;
X-1587;1587;2025-09-19;ouvert;Equipe-05;;
X-1588;1588;2025-09-20;ouvert;Equipe-06;;
X-1589;1589;2025-09-21;ouvert;Equipe-07;;
X-1590;1590;2025-09-22;ouvert;Equipe-01;;
X-1591;1591;2025-09-23;ouvert;Equipe-02;;
X-1592;1592;2025-09-24;ouvert;Equipe-03;;
X-1593;1593;2025-09-25;ouvert;Equipe-04;;
X-1594;1594;2025-09-26;ouvert;Equipe-05;;
X-1595;1595;2025-09-27;clos;Equipe-06;;
X-1596;1596;2025-09-28;ouvert;Equipe-07;;
X-1597;1597;2025-10-01;ouvert;Equipe-01;;
X-1598;1598;2025-10-02;ouvert;Equipe-02;;
X-1599;1599;2025-10-03;ouvert;Equipe-03;;
X-1600;1600;2025-10-04;ouvert;Equipe-04;;
X-1601;1601;2025-10-05;ouvert;Equipe-05;;
X-1602;1602;2025-10-06;ouvert;Equipe-06;;
X-1603;1603;2025-10-07;ouvert;Equipe-07;;
X-1604;1604;2025-10-08;ouvert;Equipe-01;;
X-1605;1605;2025-10-09;ouvert;Equipe-02;;
X-1606;1606;2025-10-10;clos;Equipe-03;;
X-1607;1607;2025-10-11;ouvert;Equipe-04;;
X-1608;1608;2025-10-12;ouvert;Equipe-05;;
X-1609;1609;2025-10-13;ouvert;Equipe-06;;
X-1610;1610;2025-10-14;ouvert;Equipe-07;;
X-1611;1611;2025-10-15;ouvert;Equipe-01;;
X-1612;1612;2025-10-16;ouvert;Equipe-02;;
X-1613;1613;2025-10-17;ouvert;Equipe-03;;
X-1614;1614;2025-10-18;ouvert;Equipe-04;;
X-1615;1615;2025-10-19;ouvert;Equipe-05;;
X-1616;1616;2025-10-20;ouvert;Equipe-06;;
X-1617;1617;2025-10-21;clos;Equipe-07;;
X-1618;1618;2025-10-22;ouvert;Equipe-01;;
X-1619;1619;2025-10-23;ouvert;Equipe-02;;
X-1620;1620;2025-10-24;ouvert;Equipe-03;;
X-1621;1621;2025-10-25;ouvert;Equipe-04;;
X-1622;1622;2025-10-26;ouvert;Equipe-05;;
X-1623;1623;2025-10-27;ouvert;Equipe-06;;
X-1624;1624;2025-10-28;ouvert;Equipe-07;;
X-1625;1625;2025-11-01;ouvert;Equipe-01;;
X-1626;1626;2025-11-02;ouvert;Equipe-02;;
X-1627;1627;2025-11-03;ouvert;Equipe-03;;
X-1628;1628;2025-11-04;clos;Equipe-04;;
X-1629;1629;2025-11-05;ouvert;Equipe-05;;
X-1630;1630;2025-11-06;ouvert;Equipe-06;;
X-1631;1631;2025-11-07;ouvert;Equipe-07;;
X-1632;1632;2025-11-08;ouvert;Equipe-01;;
X-1633;1633;2025-11-09;ouvert;Equipe-02;;
X-1634;1634;2025-11-10;ouvert;Equipe-03;;
X-1635;1635;2025-11-11;ouvert;Equipe-04;;
X-1636;1636;2025-11-12;ouvert;Equipe-05;;
X-1637;1637;2025-11-13;ouvert;Equipe-06;;
X-1638;1638;2025-11-14;ouvert;Equipe-07;;
X-1639;1639;2025-11-15;clos;Equipe-01;;
X-1640;1640;2025-11-16;ouvert;Equipe-02;;
X-1641;1641;2025-11-17;ouvert;Equipe-03;;
X-1642;1642;2025-11-18;ouvert;Equipe-04;;
X-1643;1643;2025-11-19;ouvert;Equipe-05;;
X-1644;1644;2025-11-20;ouvert;Equipe-06;;
X-1645;1645;2025-11-21;ouvert;Equipe-07;;
X-1646;1646;2025-11-22;ouvert;Equipe-01;;
X-1647;1647;2025-11-23;ouvert;Equipe-02;;
X-1648;1648;2025-11-24;ouvert;Equipe-03;;
X-1649;1649;2025-11-25;ouvert;Equipe-04;;"Contrôle manuel demandé ; donnée entièrement fictive"
X-1650;1650;2025-11-26;clos;Equipe-05;;
X-1651;1651;2025-11-27;ouvert;Equipe-06;;
X-1652;1652;2025-11-28;ouvert;Equipe-07;;
X-1653;1653;2025-12-01;ouvert;Equipe-01;;
X-1654;1654;2025-12-02;ouvert;Equipe-02;;
X-1655;1655;2025-12-03;ouvert;Equipe-03;;
X-1656;1656;2025-12-04;ouvert;Equipe-04;;
X-1657;1657;2025-12-05;ouvert;Equipe-05;;
X-1658;1658;2025-12-06;ouvert;Equipe-06;;
X-1659;1659;2025-12-07;ouvert;Equipe-07;;
X-1660;1660;2025-12-08;ouvert;Equipe-01;;
X-1661;1661;2025-12-09;clos;Equipe-02;;
X-1662;1662;2025-12-10;ouvert;Equipe-03;;
X-1663;1663;2025-12-11;ouvert;Equipe-04;;
X-1664;1664;2025-12-12;ouvert;Equipe-05;;
X-1665;1665;2025-12-13;ouvert;Equipe-06;;
X-1666;1666;2025-12-14;ouvert;Equipe-07;;
X-1667;1667;2025-12-15;ouvert;Equipe-01;;
X-1668;1668;2025-12-16;ouvert;Equipe-02;;
X-1669;1669;2025-12-17;ouvert;Equipe-03;;
X-1670;1670;2025-12-18;ouvert;Equipe-04;;
X-1671;1671;2025-12-19;ouvert;Equipe-05;;
X-1672;1672;2025-12-20;clos;Equipe-06;;
X-1673;1673;2025-12-21;ouvert;Equipe-07;;
X-1674;1674;2025-12-22;ouvert;Equipe-01;;
X-1675;1675;2025-12-23;ouvert;Equipe-02;;
X-1676;1676;2025-12-24;ouvert;Equipe-03;;
X-1677;1677;2025-12-25;ouvert;Equipe-04;;
X-1678;1678;2025-12-26;ouvert;Equipe-05;;
X-1679;1679;2025-12-27;ouvert;Equipe-06;;
X-1680;1680;2025-12-28;ouvert;Equipe-07;;
X-1681;1681;2025-01-01;ouvert;Equipe-01;;
X-1682;1682;2025-01-02;ouvert;Equipe-02;;
X-1683;1683;2025-01-03;clos;Equipe-03;;
X-1684;1684;2025-01-04;ouvert;Equipe-04;;
X-1685;1685;2025-01-05;ouvert;Equipe-05;;
X-1686;1686;2025-01-06;ouvert;Equipe-06;;
X-1687;1687;2025-01-07;ouvert;Equipe-07;;
X-1688;1688;2025-01-08;ouvert;Equipe-01;;
X-1689;1689;2025-01-09;ouvert;Equipe-02;;
X-1690;1690;2025-01-10;ouvert;Equipe-03;;
X-1691;1691;2025-01-11;ouvert;Equipe-04;;
X-1692;1692;2025-01-12;ouvert;Equipe-05;;
X-1693;1693;2025-01-13;ouvert;Equipe-06;;
X-1694;1694;2025-01-14;clos;Equipe-07;;
X-1695;1695;2025-01-15;ouvert;Equipe-01;;
X-1696;1696;2025-01-16;ouvert;Equipe-02;;
X-1697;1697;2025-01-17;ouvert;Equipe-03;;
X-1698;1698;2025-01-18;ouvert;Equipe-04;;
X-1699;1699;2025-01-19;ouvert;Equipe-05;;
X-1700;1700;2025-01-20;ouvert;Equipe-06;;
X-1701;1701;2025-01-21;ouvert;Equipe-07;;
X-1702;1702;2025-01-22;ouvert;Equipe-01;;
X-1703;1703;2025-01-23;ouvert;Equipe-02;;
X-1704;1704;2025-01-24;ouvert;Equipe-03;;
X-1705;1705;2025-01-25;clos;Equipe-04;;
X-1706;1706;2025-01-26;ouvert;Equipe-05;;
X-1707;1707;2025-01-27;ouvert;Equipe-06;;
X-1708;1708;2025-01-28;ouvert;Equipe-07;;
X-1709;1709;2025-02-01;ouvert;Equipe-01;;
X-1710;1710;2025-02-02;ouvert;Equipe-02;;
X-1711;1711;2025-02-03;ouvert;Equipe-03;;
X-1712;1712;2025-02-04;ouvert;Equipe-04;;
X-1713;1713;2025-02-05;ouvert;Equipe-05;;
X-1714;1714;2025-02-06;ouvert;Equipe-06;;
X-1715;1715;2025-02-07;ouvert;Equipe-07;;
X-1716;1716;2025-02-08;clos;Equipe-01;;
X-1717;1717;2025-02-09;ouvert;Equipe-02;;
X-1718;1718;2025-02-10;ouvert;Equipe-03;;
X-1719;1719;2025-02-11;ouvert;Equipe-04;;
X-1720;1720;2025-02-12;ouvert;Equipe-05;;
X-1721;1721;2025-02-13;ouvert;Equipe-06;;
X-1722;1722;2025-02-14;ouvert;Equipe-07;;
X-1723;1723;2025-02-15;ouvert;Equipe-01;;
X-1724;1724;2025-02-16;ouvert;Equipe-02;;
X-1725;1725;2025-02-17;ouvert;Equipe-03;;
X-1726;1726;2025-02-18;ouvert;Equipe-04;;
X-1727;1727;2025-02-19;clos;Equipe-05;;
X-1728;1728;2025-02-20;ouvert;Equipe-06;;
X-1729;1729;2025-02-21;ouvert;Equipe-07;;
X-1730;1730;2025-02-22;ouvert;Equipe-01;;
X-1731;1731;2025-02-23;ouvert;Equipe-02;;
X-1732;1732;2025-02-24;ouvert;Equipe-03;;
X-1733;1733;2025-02-25;ouvert;Equipe-04;;
X-1734;1734;2025-02-26;ouvert;Equipe-05;;
X-1735;1735;2025-02-27;ouvert;Equipe-06;;
X-1736;1736;2025-02-28;ouvert;Equipe-07;;
X-1737;1737;2025-03-01;ouvert;Equipe-01;;
X-1738;1738;2025-03-02;clos;Equipe-02;;
X-1739;1739;2025-03-03;ouvert;Equipe-03;;
X-1740;1740;2025-03-04;ouvert;Equipe-04;;
X-1741;1741;2025-03-05;ouvert;Equipe-05;;
X-1742;1742;2025-03-06;ouvert;Equipe-06;;
X-1743;1743;2025-03-07;ouvert;Equipe-07;;
X-1744;1744;2025-03-08;ouvert;Equipe-01;;
X-1745;1745;2025-03-09;ouvert;Equipe-02;;
X-1746;1746;2025-03-10;ouvert;Equipe-03;;"Contrôle manuel demandé ; donnée entièrement fictive"
X-1747;1747;2025-03-11;ouvert;Equipe-04;;
X-1748;1748;2025-03-12;ouvert;Equipe-05;;
X-1749;1749;2025-03-13;clos;Equipe-06;;
X-1750;1750;2025-03-14;ouvert;Equipe-07;;
X-1751;1751;2025-03-15;ouvert;Equipe-01;;
X-1752;1752;2025-03-16;ouvert;Equipe-02;;
X-1753;1753;2025-03-17;ouvert;Equipe-03;;
X-1754;1754;2025-03-18;ouvert;Equipe-04;;
X-1755;1755;2025-03-19;ouvert;Equipe-05;;
X-1756;1756;2025-03-20;ouvert;Equipe-06;;
X-1757;1757;2025-03-21;ouvert;Equipe-07;;
X-1758;1758;2025-03-22;ouvert;Equipe-01;;
X-1759;1759;2025-03-23;ouvert;Equipe-02;;
X-1760;1760;2025-03-24;clos;Equipe-03;;
X-1761;1761;2025-03-25;ouvert;Equipe-04;;
X-1762;1762;2025-03-26;ouvert;Equipe-05;;
X-1763;1763;2025-03-27;ouvert;Equipe-06;;
X-1764;1764;2025-03-28;ouvert;Equipe-07;;
X-1765;1765;2025-04-01;ouvert;Equipe-01;;
X-1766;1766;2025-04-02;ouvert;Equipe-02;;
X-1767;1767;2025-04-03;ouvert;Equipe-03;;
X-1768;1768;2025-04-04;ouvert;Equipe-04;;
X-1769;1769;2025-04-05;ouvert;Equipe-05;;
X-1770;1770;2025-04-06;ouvert;Equipe-06;;
X-1771;1771;2025-04-07;clos;Equipe-07;;
X-1772;1772;2025-04-08;ouvert;Equipe-01;;
X-1773;1773;2025-04-09;ouvert;Equipe-02;;
X-1774;1774;2025-04-10;ouvert;Equipe-03;;
X-1775;1775;2025-04-11;ouvert;Equipe-04;;
X-1776;1776;2025-04-12;ouvert;Equipe-05;;
X-1777;1777;2025-04-13;ouvert;Equipe-06;;
X-1778;1778;2025-04-14;ouvert;Equipe-07;;
X-1779;1779;2025-04-15;ouvert;Equipe-01;;
X-1780;1780;2025-04-16;ouvert;Equipe-02;;
X-1781;1781;2025-04-17;ouvert;Equipe-03;;
X-1782;1782;2025-04-18;clos;Equipe-04;;
X-1783;1783;2025-04-19;ouvert;Equipe-05;;
X-1784;1784;2025-04-20;ouvert;Equipe-06;;
X-1785;1785;2025-04-21;ouvert;Equipe-07;;
X-1786;1786;2025-04-22;ouvert;Equipe-01;;
X-1787;1787;2025-04-23;ouvert;Equipe-02;;
X-1788;1788;2025-04-24;ouvert;Equipe-03;;
X-1789;1789;2025-04-25;ouvert;Equipe-04;;
X-1790;1790;2025-04-26;ouvert;Equipe-05;;
X-1791;1791;2025-04-27;ouvert;Equipe-06;;
X-1792;1792;2025-04-28;ouvert;Equipe-07;;
X-1793;1793;2025-05-01;clos;Equipe-01;;
X-1794;1794;2025-05-02;ouvert;Equipe-02;;
X-1795;1795;2025-05-03;ouvert;Equipe-03;;
X-1796;1796;2025-05-04;ouvert;Equipe-04;;
X-1797;1797;2025-05-05;ouvert;Equipe-05;;
X-1798;1798;2025-05-06;ouvert;Equipe-06;;
X-1799;1799;2025-05-07;ouvert;Equipe-07;;
X-1800;1800;2025-05-08;ouvert;Equipe-01;;
X-1801;1801;2025-05-09;ouvert;Equipe-02;;
X-1802;1802;2025-05-10;ouvert;Equipe-03;;
X-1803;1803;2025-05-11;ouvert;Equipe-04;;
X-1804;1804;2025-05-12;clos;Equipe-05;;
X-1805;1805;2025-05-13;ouvert;Equipe-06;;
X-1806;1806;2025-05-14;ouvert;Equipe-07;;
X-1807;1807;2025-05-15;ouvert;Equipe-01;;
X-1808;1808;2025-05-16;ouvert;Equipe-02;;
X-1809;1809;2025-05-17;ouvert;Equipe-03;;
X-1810;1810;2025-05-18;ouvert;Equipe-04;;
X-1811;1811;2025-05-19;ouvert;Equipe-05;;
X-1812;1812;2025-05-20;ouvert;Equipe-06;;
X-1813;1813;2025-05-21;ouvert;Equipe-07;;
X-1814;1814;2025-05-22;ouvert;Equipe-01;;
X-1815;1815;2025-05-23;clos;Equipe-02;;
X-1816;1816;2025-05-24;ouvert;Equipe-03;;
X-1817;1817;2025-05-25;ouvert;Equipe-04;;
X-1818;1818;2025-05-26;ouvert;Equipe-05;;
X-1819;1819;2025-05-27;ouvert;Equipe-06;;
X-1820;1820;2025-05-28;ouvert;Equipe-07;;
X-1821;1821;2025-06-01;ouvert;Equipe-01;;
X-1822;1822;2025-06-02;ouvert;Equipe-02;;
X-1823;1823;2025-06-03;ouvert;Equipe-03;;
X-1824;1824;2025-06-04;ouvert;Equipe-04;;
X-1825;1825;2025-06-05;ouvert;Equipe-05;;
X-1826;1826;2025-06-06;clos;Equipe-06;;
X-1827;1827;2025-06-07;ouvert;Equipe-07;;
X-1828;1828;2025-06-08;ouvert;Equipe-01;;
X-1829;1829;2025-06-09;ouvert;Equipe-02;;
X-1830;1830;2025-06-10;ouvert;Equipe-03;;
X-1831;1831;2025-06-11;ouvert;Equipe-04;;
X-1832;1832;2025-06-12;ouvert;Equipe-05;;
X-1833;1833;2025-06-13;ouvert;Equipe-06;;
X-1834;1834;2025-06-14;ouvert;Equipe-07;;
X-1835;1835;2025-06-15;ouvert;Equipe-01;;
X-1836;1836;2025-06-16;ouvert;Equipe-02;;
X-1837;1837;2025-06-17;clos;Equipe-03;;
X-1838;1838;2025-06-18;ouvert;Equipe-04;;
X-1839;1839;2025-06-19;ouvert;Equipe-05;;
X-1840;1840;2025-06-20;ouvert;Equipe-06;;
X-1841;1841;2025-06-21;ouvert;Equipe-07;;
X-1842;1842;2025-06-22;ouvert;Equipe-01;;
X-1843;1843;2025-06-23;ouvert;Equipe-02;;"Contrôle manuel demandé ; donnée entièrement fictive"
X-1844;1844;2025-06-24;ouvert;Equipe-03;;
X-1845;1845;2025-06-25;ouvert;Equipe-04;;
X-1846;1846;2025-06-26;ouvert;Equipe-05;;
X-1847;1847;2025-06-27;ouvert;Equipe-06;;
X-1848;1848;2025-06-28;clos;Equipe-07;;
X-1849;1849;2025-07-01;ouvert;Equipe-01;;
X-1850;1850;2025-07-02;ouvert;Equipe-02;;
X-1851;1851;2025-07-03;ouvert;Equipe-03;;
X-1852;1852;2025-07-04;ouvert;Equipe-04;;
X-1853;1853;2025-07-05;ouvert;Equipe-05;;
X-1854;1854;2025-07-06;ouvert;Equipe-06;;
X-1855;1855;2025-07-07;ouvert;Equipe-07;;
X-1856;1856;2025-07-08;ouvert;Equipe-01;;
X-1857;1857;2025-07-09;ouvert;Equipe-02;;
X-1858;1858;2025-07-10;ouvert;Equipe-03;;
X-1859;1859;2025-07-11;clos;Equipe-04;;
X-1860;1860;2025-07-12;ouvert;Equipe-05;;
X-1861;1861;2025-07-13;ouvert;Equipe-06;;
X-1862;1862;2025-07-14;ouvert;Equipe-07;;
X-1863;1863;2025-07-15;ouvert;Equipe-01;;
X-1864;1864;2025-07-16;ouvert;Equipe-02;;
X-1865;1865;2025-07-17;ouvert;Equipe-03;;
X-1866;1866;2025-07-18;ouvert;Equipe-04;;
X-1867;1867;2025-07-19;ouvert;Equipe-05;;
X-1868;1868;2025-07-20;ouvert;Equipe-06;;
X-1869;1869;2025-07-21;ouvert;Equipe-07;;
X-1870;1870;2025-07-22;clos;Equipe-01;;
X-1871;1871;2025-07-23;ouvert;Equipe-02;;
X-1872;1872;2025-07-24;ouvert;Equipe-03;;
X-1873;1873;2025-07-25;ouvert;Equipe-04;;
X-1874;1874;2025-07-26;ouvert;Equipe-05;;
X-1875;1875;2025-07-27;ouvert;Equipe-06;;
X-1876;1876;2025-07-28;ouvert;Equipe-07;;
X-1877;1877;2025-08-01;ouvert;Equipe-01;;
X-1878;1878;2025-08-02;ouvert;Equipe-02;;
X-1879;1879;2025-08-03;ouvert;Equipe-03;;
X-1880;1880;2025-08-04;ouvert;Equipe-04;;
X-1881;1881;2025-08-05;clos;Equipe-05;;
X-1882;1882;2025-08-06;ouvert;Equipe-06;;
X-1883;1883;2025-08-07;ouvert;Equipe-07;;
X-1884;1884;2025-08-08;ouvert;Equipe-01;;
X-1885;1885;2025-08-09;ouvert;Equipe-02;;
X-1886;1886;2025-08-10;ouvert;Equipe-03;;
X-1887;1887;2025-08-11;ouvert;Equipe-04;;
X-1888;1888;2025-08-12;ouvert;Equipe-05;;
X-1889;1889;2025-08-13;ouvert;Equipe-06;;
X-1890;1890;2025-08-14;ouvert;Equipe-07;;
X-1891;1891;2025-08-15;ouvert;Equipe-01;;
X-1892;1892;2025-08-16;clos;Equipe-02;;
X-1893;1893;2025-08-17;ouvert;Equipe-03;;
X-1894;1894;2025-08-18;ouvert;Equipe-04;;
X-1895;1895;2025-08-19;ouvert;Equipe-05;;
X-1896;1896;2025-08-20;ouvert;Equipe-06;;
X-1897;1897;2025-08-21;ouvert;Equipe-07;;
X-1898;1898;2025-08-22;ouvert;Equipe-01;;
X-1899;1899;2025-08-23;ouvert;Equipe-02;;
X-1900;1900;2025-08-24;ouvert;Equipe-03;;
X-1901;1901;2025-08-25;ouvert;Equipe-04;;
X-1902;1902;2025-08-26;ouvert;Equipe-05;;
X-1903;1903;2025-08-27;clos;Equipe-06;;
X-1904;1904;2025-08-28;ouvert;Equipe-07;;
X-1905;1905;2025-09-01;ouvert;Equipe-01;;
X-1906;1906;2025-09-02;ouvert;Equipe-02;;
X-1907;1907;2025-09-03;ouvert;Equipe-03;;
X-1908;1908;2025-09-04;ouvert;Equipe-04;;
X-1909;1909;2025-09-05;ouvert;Equipe-05;;
X-1910;1910;2025-09-06;ouvert;Equipe-06;;
X-1911;1911;2025-09-07;ouvert;Equipe-07;;
X-1912;1912;2025-09-08;ouvert;Equipe-01;;
X-1913;1913;2025-09-09;ouvert;Equipe-02;;
X-1914;1914;2025-09-10;clos;Equipe-03;;
X-1915;1915;2025-09-11;ouvert;Equipe-04;;
X-1916;1916;2025-09-12;ouvert;Equipe-05;;
X-1917;1917;2025-09-13;ouvert;Equipe-06;;
X-1918;1918;2025-09-14;ouvert;Equipe-07;;
X-1919;1919;2025-09-15;ouvert;Equipe-01;;
X-1920;1920;2025-09-16;ouvert;Equipe-02;;
X-1921;1921;2025-09-17;ouvert;Equipe-03;;
X-1922;1922;2025-09-18;ouvert;Equipe-04;;
X-1923;1923;2025-09-19;ouvert;Equipe-05;;
X-1924;1924;2025-09-20;ouvert;Equipe-06;;
X-1925;1925;2025-09-21;clos;Equipe-07;;
X-1926;1926;2025-09-22;ouvert;Equipe-01;;
X-1927;1927;2025-09-23;ouvert;Equipe-02;;
X-1928;1928;2025-09-24;ouvert;Equipe-03;;
X-1929;1929;2025-09-25;ouvert;Equipe-04;;
X-1930;1930;2025-09-26;ouvert;Equipe-05;;
X-1931;1931;2025-09-27;ouvert;Equipe-06;;
X-1932;1932;2025-09-28;ouvert;Equipe-07;;
X-1933;1933;2025-10-01;ouvert;Equipe-01;;
X-1934;1934;2025-10-02;ouvert;Equipe-02;;
X-1935;1935;2025-10-03;ouvert;Equipe-03;;
X-1936;1936;2025-10-04;clos;Equipe-04;;
X-1937;1937;2025-10-05;ouvert;Equipe-05;;
X-1938;1938;2025-10-06;ouvert;Equipe-06;;
X-1939;1939;2025-10-07;ouvert;Equipe-07;;
X-1940;1940;2025-10-08;ouvert;Equipe-01;;"Contrôle manuel demandé ; donnée entièrement fictive"
X-1941;1941;2025-10-09;ouvert;Equipe-02;;
X-1942;1942;2025-10-10;ouvert;Equipe-03;;
X-1943;1943;2025-10-11;ouvert;Equipe-04;;
X-1944;1944;2025-10-12;ouvert;Equipe-05;;
X-1945;1945;2025-10-13;ouvert;Equipe-06;;
X-1946;1946;2025-10-14;ouvert;Equipe-07;;
X-1947;1947;2025-10-15;clos;Equipe-01;;
X-1948;1948;2025-10-16;ouvert;Equipe-02;;
X-1949;1949;2025-10-17;ouvert;Equipe-03;;
X-1950;1950;2025-10-18;ouvert;Equipe-04;;
X-1951;1951;2025-10-19;ouvert;Equipe-05;;
X-1952;1952;2025-10-20;ouvert;Equipe-06;;
X-1953;1953;2025-10-21;ouvert;Equipe-07;;
X-1954;1954;2025-10-22;ouvert;Equipe-01;;
X-1955;1955;2025-10-23;ouvert;Equipe-02;;
X-1956;1956;2025-10-24;ouvert;Equipe-03;;
X-1957;1957;2025-10-25;ouvert;Equipe-04;;
X-1958;1958;2025-10-26;clos;Equipe-05;;
X-1959;1959;2025-10-27;ouvert;Equipe-06;;
X-1960;1960;2025-10-28;ouvert;Equipe-07;;
X-1961;1961;2025-11-01;ouvert;Equipe-01;;
X-1962;1962;2025-11-02;ouvert;Equipe-02;;
X-1963;1963;2025-11-03;ouvert;Equipe-03;;
X-1964;1964;2025-11-04;ouvert;Equipe-04;;
X-1965;1965;2025-11-05;ouvert;Equipe-05;;
X-1966;1966;2025-11-06;ouvert;Equipe-06;;
X-1967;1967;2025-11-07;ouvert;Equipe-07;;
X-1968;1968;2025-11-08;ouvert;Equipe-01;;
X-1969;1969;2025-11-09;clos;Equipe-02;;
X-1970;1970;2025-11-10;ouvert;Equipe-03;;
X-1971;1971;2025-11-11;ouvert;Equipe-04;;
X-1972;1972;2025-11-12;ouvert;Equipe-05;;
X-1973;1973;2025-11-13;ouvert;Equipe-06;;
X-1974;1974;2025-11-14;ouvert;Equipe-07;;
X-1975;1975;2025-11-15;ouvert;Equipe-01;;
X-1976;1976;2025-11-16;ouvert;Equipe-02;;
X-1977;1977;2025-11-17;ouvert;Equipe-03;;
X-1978;1978;2025-11-18;ouvert;Equipe-04;;
X-1979;1979;2025-11-19;ouvert;Equipe-05;;
X-1980;1980;2025-11-20;clos;Equipe-06;;
X-1981;1981;2025-11-21;ouvert;Equipe-07;;
X-1982;1982;2025-11-22;ouvert;Equipe-01;;
X-1983;1983;2025-11-23;ouvert;Equipe-02;;
X-1984;1984;2025-11-24;ouvert;Equipe-03;;
X-1985;1985;2025-11-25;ouvert;Equipe-04;;
X-1986;1986;2025-11-26;ouvert;Equipe-05;;
X-1987;1987;2025-11-27;ouvert;Equipe-06;;
X-1988;1988;2025-11-28;ouvert;Equipe-07;;
X-1989;1989;2025-12-01;ouvert;Equipe-01;;
X-1990;1990;2025-12-02;ouvert;Equipe-02;;
X-1991;1991;2025-12-03;clos;Equipe-03;;
X-1992;1992;2025-12-04;ouvert;Equipe-04;;
X-1993;1993;2025-12-05;ouvert;Equipe-05;;
X-1994;1994;2025-12-06;ouvert;Equipe-06;;
X-1995;1995;2025-12-07;ouvert;Equipe-07;;
X-1996;1996;2025-12-08;ouvert;Equipe-01;;
X-1997;1997;2025-12-09;ouvert;Equipe-02;;
X-1998;1998;2025-12-10;ouvert;Equipe-03;;
X-1999;1999;2025-12-11;ouvert;Equipe-04;;
X-2000;2000;2025-12-12;ouvert;Equipe-05;;
X-2001;2001;2025-12-13;ouvert;Equipe-06;;
X-2002;2002;2025-12-14;clos;Equipe-07;;
X-2003;2003;2025-12-15;ouvert;Equipe-01;;
X-2004;2004;2025-12-16;ouvert;Equipe-02;;
X-2005;2005;2025-12-17;ouvert;Equipe-03;;
X-2006;2006;2025-12-18;ouvert;Equipe-04;;
X-2007;2007;2025-12-19;ouvert;Equipe-05;;
X-2008;2008;2025-12-20;ouvert;Equipe-06;;
X-2009;2009;2025-12-21;ouvert;Equipe-07;;
X-2010;2010;2025-12-22;ouvert;Equipe-01;;
X-2011;2011;2025-12-23;ouvert;Equipe-02;;
X-2012;2012;2025-12-24;ouvert;Equipe-03;;
X-2013;2013;2025-12-25;clos;Equipe-04;;
X-2014;2014;2025-12-26;ouvert;Equipe-05;;
X-2015;2015;2025-12-27;ouvert;Equipe-06;;
X-2016;2016;2025-12-28;ouvert;Equipe-07;;
X-2017;2017;2025-01-01;ouvert;Equipe-01;;
X-2018;2018;2025-01-02;ouvert;Equipe-02;;
X-2019;2019;2025-01-03;ouvert;Equipe-03;;
X-2020;2020;2025-01-04;ouvert;Equipe-04;;
X-2021;2021;2025-01-05;ouvert;Equipe-05;;
X-2022;2022;2025-01-06;ouvert;Equipe-06;;
X-2023;2023;2025-01-07;ouvert;Equipe-07;;
X-2024;2024;2025-01-08;clos;Equipe-01;;
X-2025;2025;2025-01-09;ouvert;Equipe-02;;
X-2026;2026;2025-01-10;ouvert;Equipe-03;;
X-2027;2027;2025-01-11;ouvert;Equipe-04;;
X-2028;2028;2025-01-12;ouvert;Equipe-05;;
X-2029;2029;2025-01-13;ouvert;Equipe-06;;
X-2030;2030;2025-01-14;ouvert;Equipe-07;;
X-2031;2031;2025-01-15;ouvert;Equipe-01;;
X-2032;2032;2025-01-16;ouvert;Equipe-02;;
X-2033;2033;2025-01-17;ouvert;Equipe-03;;
X-2034;2034;2025-01-18;ouvert;Equipe-04;;
X-2035;2035;2025-01-19;clos;Equipe-05;;
X-2036;2036;2025-01-20;ouvert;Equipe-06;;
X-2037;2037;2025-01-21;ouvert;Equipe-07;;"Contrôle manuel demandé ; donnée entièrement fictive"
X-2038;2038;2025-01-22;ouvert;Equipe-01;;
X-2039;2039;2025-01-23;ouvert;Equipe-02;;
X-2040;2040;2025-01-24;ouvert;Equipe-03;;
X-2041;2041;2025-01-25;ouvert;Equipe-04;;
X-2042;2042;2025-01-26;ouvert;Equipe-05;;
X-2043;2043;2025-01-27;ouvert;Equipe-06;;
X-2044;2044;2025-01-28;ouvert;Equipe-07;;
X-2045;2045;2025-02-01;ouvert;Equipe-01;;
X-2046;2046;2025-02-02;clos;Equipe-02;;
X-2047;2047;2025-02-03;ouvert;Equipe-03;;
X-2048;2048;2025-02-04;ouvert;Equipe-04;;
X-2049;2049;2025-02-05;ouvert;Equipe-05;;
X-2050;2050;2025-02-06;ouvert;Equipe-06;;
X-2051;2051;2025-02-07;ouvert;Equipe-07;;
X-2052;2052;2025-02-08;ouvert;Equipe-01;;
X-2053;2053;2025-02-09;ouvert;Equipe-02;;
X-2054;2054;2025-02-10;ouvert;Equipe-03;;
X-2055;2055;2025-02-11;ouvert;Equipe-04;;
X-2056;2056;2025-02-12;ouvert;Equipe-05;;
X-2057;2057;2025-02-13;clos;Equipe-06;;
X-2058;2058;2025-02-14;ouvert;Equipe-07;;
X-2059;2059;2025-02-15;ouvert;Equipe-01;;
X-2060;2060;2025-02-16;ouvert;Equipe-02;;
X-2061;2061;2025-02-17;ouvert;Equipe-03;;
X-2062;2062;2025-02-18;ouvert;Equipe-04;;
X-2063;2063;2025-02-19;ouvert;Equipe-05;;
X-2064;2064;2025-02-20;ouvert;Equipe-06;;
X-2065;2065;2025-02-21;ouvert;Equipe-07;;
X-2066;2066;2025-02-22;ouvert;Equipe-01;;
X-2067;2067;2025-02-23;ouvert;Equipe-02;;
X-2068;2068;2025-02-24;clos;Equipe-03;;
X-2069;2069;2025-02-25;ouvert;Equipe-04;;
X-2070;2070;2025-02-26;ouvert;Equipe-05;;
X-2071;2071;2025-02-27;ouvert;Equipe-06;;
X-2072;2072;2025-02-28;ouvert;Equipe-07;;
X-2073;2073;2025-03-01;ouvert;Equipe-01;;
X-2074;2074;2025-03-02;ouvert;Equipe-02;;
X-2075;2075;2025-03-03;ouvert;Equipe-03;;
X-2076;2076;2025-03-04;ouvert;Equipe-04;;
X-2077;2077;2025-03-05;ouvert;Equipe-05;;
X-2078;2078;2025-03-06;ouvert;Equipe-06;;
X-2079;2079;2025-03-07;clos;Equipe-07;;
X-2080;2080;2025-03-08;ouvert;Equipe-01;;
X-2081;2081;2025-03-09;ouvert;Equipe-02;;
X-2082;2082;2025-03-10;ouvert;Equipe-03;;
X-2083;2083;2025-03-11;ouvert;Equipe-04;;
X-2084;2084;2025-03-12;ouvert;Equipe-05;;
X-2085;2085;2025-03-13;ouvert;Equipe-06;;
X-2086;2086;2025-03-14;ouvert;Equipe-07;;
X-2087;2087;2025-03-15;ouvert;Equipe-01;;
X-2088;2088;2025-03-16;ouvert;Equipe-02;;
X-2089;2089;2025-03-17;ouvert;Equipe-03;;
X-2090;2090;2025-03-18;clos;Equipe-04;;
X-2091;2091;2025-03-19;ouvert;Equipe-05;;
X-2092;2092;2025-03-20;ouvert;Equipe-06;;
X-2093;2093;2025-03-21;ouvert;Equipe-07;;
X-2094;2094;2025-03-22;ouvert;Equipe-01;;
X-2095;2095;2025-03-23;ouvert;Equipe-02;;
X-2096;2096;2025-03-24;ouvert;Equipe-03;;
X-2097;2097;2025-03-25;ouvert;Equipe-04;;
X-2098;2098;2025-03-26;ouvert;Equipe-05;;
X-2099;2099;2025-03-27;ouvert;Equipe-06;;
X-2100;2100;2025-03-28;ouvert;Equipe-07;;
X-2101;2101;2025-04-01;clos;Equipe-01;;
X-2102;2102;2025-04-02;ouvert;Equipe-02;;
X-2103;2103;2025-04-03;ouvert;Equipe-03;;
X-2104;2104;2025-04-04;ouvert;Equipe-04;;
X-2105;2105;2025-04-05;ouvert;Equipe-05;;
X-2106;2106;2025-04-06;ouvert;Equipe-06;;
X-2107;2107;2025-04-07;ouvert;Equipe-07;;
X-2108;2108;2025-04-08;ouvert;Equipe-01;;
X-2109;2109;2025-04-09;ouvert;Equipe-02;;
X-2110;2110;2025-04-10;ouvert;Equipe-03;;
X-2111;2111;2025-04-11;ouvert;Equipe-04;;
X-2112;2112;2025-04-12;clos;Equipe-05;;
X-2113;2113;2025-04-13;ouvert;Equipe-06;;
X-2114;2114;2025-04-14;ouvert;Equipe-07;;
X-2115;2115;2025-04-15;ouvert;Equipe-01;;
X-2116;2116;2025-04-16;ouvert;Equipe-02;;
X-2117;2117;2025-04-17;ouvert;Equipe-03;;
X-2118;2118;2025-04-18;ouvert;Equipe-04;;
X-2119;2119;2025-04-19;ouvert;Equipe-05;;
X-2120;2120;2025-04-20;ouvert;Equipe-06;;
X-2121;2121;2025-04-21;ouvert;Equipe-07;;
X-2122;2122;2025-04-22;ouvert;Equipe-01;;
X-2123;2123;2025-04-23;clos;Equipe-02;;
X-2124;2124;2025-04-24;ouvert;Equipe-03;;
X-2125;2125;2025-04-25;ouvert;Equipe-04;;
X-2126;2126;2025-04-26;ouvert;Equipe-05;;
X-2127;2127;2025-04-27;ouvert;Equipe-06;;
X-2128;2128;2025-04-28;ouvert;Equipe-07;;
X-2129;2129;2025-05-01;ouvert;Equipe-01;;
X-2130;2130;2025-05-02;ouvert;Equipe-02;;
X-2131;2131;2025-05-03;ouvert;Equipe-03;;
X-2132;2132;2025-05-04;ouvert;Equipe-04;;
X-2133;2133;2025-05-05;ouvert;Equipe-05;;
X-2134;2134;2025-05-06;clos;Equipe-06;;"Contrôle manuel demandé ; donnée entièrement fictive"
X-2135;2135;2025-05-07;ouvert;Equipe-07;;
X-2136;2136;2025-05-08;ouvert;Equipe-01;;
X-2137;2137;2025-05-09;ouvert;Equipe-02;;
X-2138;2138;2025-05-10;ouvert;Equipe-03;;
X-2139;2139;2025-05-11;ouvert;Equipe-04;;
X-2140;2140;2025-05-12;ouvert;Equipe-05;;
X-2141;2141;2025-05-13;ouvert;Equipe-06;;
X-2142;2142;2025-05-14;ouvert;Equipe-07;;
X-2143;2143;2025-05-15;ouvert;Equipe-01;;
X-2144;2144;2025-05-16;ouvert;Equipe-02;;
X-2145;2145;2025-05-17;clos;Equipe-03;;
X-2146;2146;2025-05-18;ouvert;Equipe-04;;
X-2147;2147;2025-05-19;ouvert;Equipe-05;;
X-2148;2148;2025-05-20;ouvert;Equipe-06;;
X-2149;2149;2025-05-21;ouvert;Equipe-07;;
X-2150;2150;2025-05-22;ouvert;Equipe-01;;
X-2151;2151;2025-05-23;ouvert;Equipe-02;;
X-2152;2152;2025-05-24;ouvert;Equipe-03;;
X-2153;2153;2025-05-25;ouvert;Equipe-04;;
X-2154;2154;2025-05-26;ouvert;Equipe-05;;
X-2155;2155;2025-05-27;ouvert;Equipe-06;;
X-2156;2156;2025-05-28;clos;Equipe-07;;
X-2157;2157;2025-06-01;ouvert;Equipe-01;;
X-2158;2158;2025-06-02;ouvert;Equipe-02;;
X-2159;2159;2025-06-03;ouvert;Equipe-03;;
X-2160;2160;2025-06-04;ouvert;Equipe-04;;
X-2161;2161;2025-06-05;ouvert;Equipe-05;;
X-2162;2162;2025-06-06;ouvert;Equipe-06;;
X-2163;2163;2025-06-07;ouvert;Equipe-07;;
X-2164;2164;2025-06-08;ouvert;Equipe-01;;
X-2165;2165;2025-06-09;ouvert;Equipe-02;;
X-2166;2166;2025-06-10;ouvert;Equipe-03;;
X-2167;2167;2025-06-11;clos;Equipe-04;;
X-2168;2168;2025-06-12;ouvert;Equipe-05;;
X-2169;2169;2025-06-13;ouvert;Equipe-06;;
X-2170;2170;2025-06-14;ouvert;Equipe-07;;
X-2171;2171;2025-06-15;ouvert;Equipe-01;;
X-2172;2172;2025-06-16;ouvert;Equipe-02;;
X-2173;2173;2025-06-17;ouvert;Equipe-03;;
X-2174;2174;2025-06-18;ouvert;Equipe-04;;
X-2175;2175;2025-06-19;ouvert;Equipe-05;;
X-2176;2176;2025-06-20;ouvert;Equipe-06;;
X-2177;2177;2025-06-21;ouvert;Equipe-07;;
X-2178;2178;2025-06-22;clos;Equipe-01;;
X-2179;2179;2025-06-23;ouvert;Equipe-02;;
X-2180;2180;2025-06-24;ouvert;Equipe-03;;
X-2181;2181;2025-06-25;ouvert;Equipe-04;;
X-2182;2182;2025-06-26;ouvert;Equipe-05;;
X-2183;2183;2025-06-27;ouvert;Equipe-06;;
X-2184;2184;2025-06-28;ouvert;Equipe-07;;
X-2185;2185;2025-07-01;ouvert;Equipe-01;;
X-2186;2186;2025-07-02;ouvert;Equipe-02;;
X-2187;2187;2025-07-03;ouvert;Equipe-03;;
X-2188;2188;2025-07-04;ouvert;Equipe-04;;
X-2189;2189;2025-07-05;clos;Equipe-05;;
X-2190;2190;2025-07-06;ouvert;Equipe-06;;
X-2191;2191;2025-07-07;ouvert;Equipe-07;;
X-2192;2192;2025-07-08;ouvert;Equipe-01;;
X-2193;2193;2025-07-09;ouvert;Equipe-02;;
X-2194;2194;2025-07-10;ouvert;Equipe-03;;
X-2195;2195;2025-07-11;ouvert;Equipe-04;;
X-2196;2196;2025-07-12;ouvert;Equipe-05;;
X-2197;2197;2025-07-13;ouvert;Equipe-06;;
X-2198;2198;2025-07-14;ouvert;Equipe-07;;
X-2199;2199;2025-07-15;ouvert;Equipe-01;;
X-2200;2200;2025-07-16;clos;Equipe-02;;
X-2201;2201;2025-07-17;ouvert;Equipe-03;;
X-2202;2202;2025-07-18;ouvert;Equipe-04;;
X-2203;2203;2025-07-19;ouvert;Equipe-05;;
X-2204;2204;2025-07-20;ouvert;Equipe-06;;
X-2205;2205;2025-07-21;ouvert;Equipe-07;;
X-2206;2206;2025-07-22;ouvert;Equipe-01;;
X-2207;2207;2025-07-23;ouvert;Equipe-02;;
X-2208;2208;2025-07-24;ouvert;Equipe-03;;
X-2209;2209;2025-07-25;ouvert;Equipe-04;;
X-2210;2210;2025-07-26;ouvert;Equipe-05;;
X-2211;2211;2025-07-27;clos;Equipe-06;;
X-2212;2212;2025-07-28;ouvert;Equipe-07;;
X-2213;2213;2025-08-01;ouvert;Equipe-01;;
X-2214;2214;2025-08-02;ouvert;Equipe-02;;
X-2215;2215;2025-08-03;ouvert;Equipe-03;;
X-2216;2216;2025-08-04;ouvert;Equipe-04;;
X-2217;2217;2025-08-05;ouvert;Equipe-05;;
X-2218;2218;2025-08-06;ouvert;Equipe-06;;
X-2219;2219;2025-08-07;ouvert;Equipe-07;;
X-2220;2220;2025-08-08;ouvert;Equipe-01;;
X-2221;2221;2025-08-09;ouvert;Equipe-02;;
X-2222;2222;2025-08-10;clos;Equipe-03;;
X-2223;2223;2025-08-11;ouvert;Equipe-04;;
X-2224;2224;2025-08-12;ouvert;Equipe-05;;
X-2225;2225;2025-08-13;ouvert;Equipe-06;;
X-2226;2226;2025-08-14;ouvert;Equipe-07;;
X-2227;2227;2025-08-15;ouvert;Equipe-01;;
X-2228;2228;2025-08-16;ouvert;Equipe-02;;
X-2229;2229;2025-08-17;ouvert;Equipe-03;;
X-2230;2230;2025-08-18;ouvert;Equipe-04;;
X-2231;2231;2025-08-19;ouvert;Equipe-05;;"Contrôle manuel demandé ; donnée entièrement fictive"
X-2232;2232;2025-08-20;ouvert;Equipe-06;;
X-2233;2233;2025-08-21;clos;Equipe-07;;
X-2234;2234;2025-08-22;ouvert;Equipe-01;;
X-2235;2235;2025-08-23;ouvert;Equipe-02;;
X-2236;2236;2025-08-24;ouvert;Equipe-03;;
X-2237;2237;2025-08-25;ouvert;Equipe-04;;
X-2238;2238;2025-08-26;ouvert;Equipe-05;;
X-2239;2239;2025-08-27;ouvert;Equipe-06;;
X-2240;2240;2025-08-28;ouvert;Equipe-07;;
X-2241;2241;2025-09-01;ouvert;Equipe-01;;
X-2242;2242;2025-09-02;ouvert;Equipe-02;;
X-2243;2243;2025-09-03;ouvert;Equipe-03;;
X-2244;2244;2025-09-04;clos;Equipe-04;;
X-2245;2245;2025-09-05;ouvert;Equipe-05;;
X-2246;2246;2025-09-06;ouvert;Equipe-06;;
X-2247;2247;2025-09-07;ouvert;Equipe-07;;
X-2248;2248;2025-09-08;ouvert;Equipe-01;;
X-2249;2249;2025-09-09;ouvert;Equipe-02;;
X-2250;2250;2025-09-10;ouvert;Equipe-03;;
X-2251;2251;2025-09-11;ouvert;Equipe-04;;
X-2252;2252;2025-09-12;ouvert;Equipe-05;;
X-2253;2253;2025-09-13;ouvert;Equipe-06;;
X-2254;2254;2025-09-14;ouvert;Equipe-07;;
X-2255;2255;2025-09-15;clos;Equipe-01;;
X-2256;2256;2025-09-16;ouvert;Equipe-02;;
X-2257;2257;2025-09-17;ouvert;Equipe-03;;
X-2258;2258;2025-09-18;ouvert;Equipe-04;;
X-2259;2259;2025-09-19;ouvert;Equipe-05;;
X-2260;2260;2025-09-20;ouvert;Equipe-06;;
X-2261;2261;2025-09-21;ouvert;Equipe-07;;
X-2262;2262;2025-09-22;ouvert;Equipe-01;;
X-2263;2263;2025-09-23;ouvert;Equipe-02;;
X-2264;2264;2025-09-24;ouvert;Equipe-03;;
X-2265;2265;2025-09-25;ouvert;Equipe-04;;
X-2266;2266;2025-09-26;clos;Equipe-05;;
X-2267;2267;2025-09-27;ouvert;Equipe-06;;
X-2268;2268;2025-09-28;ouvert;Equipe-07;;
X-2269;2269;2025-10-01;ouvert;Equipe-01;;
X-2270;2270;2025-10-02;ouvert;Equipe-02;;
X-2271;2271;2025-10-03;ouvert;Equipe-03;;
X-2272;2272;2025-10-04;ouvert;Equipe-04;;
X-2273;2273;2025-10-05;ouvert;Equipe-05;;
X-2274;2274;2025-10-06;ouvert;Equipe-06;;
X-2275;2275;2025-10-07;ouvert;Equipe-07;;
X-2276;2276;2025-10-08;ouvert;Equipe-01;;
X-2277;2277;2025-10-09;clos;Equipe-02;;
X-2278;2278;2025-10-10;ouvert;Equipe-03;;
X-2279;2279;2025-10-11;ouvert;Equipe-04;;
X-2280;2280;2025-10-12;ouvert;Equipe-05;;
X-2281;2281;2025-10-13;ouvert;Equipe-06;;
X-2282;2282;2025-10-14;ouvert;Equipe-07;;
X-2283;2283;2025-10-15;ouvert;Equipe-01;;
X-2284;2284;2025-10-16;ouvert;Equipe-02;;
X-2285;2285;2025-10-17;ouvert;Equipe-03;;
X-2286;2286;2025-10-18;ouvert;Equipe-04;;
X-2287;2287;2025-10-19;ouvert;Equipe-05;;
X-2288;2288;2025-10-20;clos;Equipe-06;;
X-2289;2289;2025-10-21;ouvert;Equipe-07;;
X-2290;2290;2025-10-22;ouvert;Equipe-01;;
X-2291;2291;2025-10-23;ouvert;Equipe-02;;
X-2292;2292;2025-10-24;ouvert;Equipe-03;;
X-2293;2293;2025-10-25;ouvert;Equipe-04;;
X-2294;2294;2025-10-26;ouvert;Equipe-05;;
X-2295;2295;2025-10-27;ouvert;Equipe-06;;
X-2296;2296;2025-10-28;ouvert;Equipe-07;;
X-2297;2297;2025-11-01;ouvert;Equipe-01;;
X-2298;2298;2025-11-02;ouvert;Equipe-02;;
X-2299;2299;2025-11-03;clos;Equipe-03;;
X-2300;2300;2025-11-04;ouvert;Equipe-04;;
X-2301;2301;2025-11-05;ouvert;Equipe-05;;
X-2302;2302;2025-11-06;ouvert;Equipe-06;;
X-2303;2303;2025-11-07;ouvert;Equipe-07;;
X-2304;2304;2025-11-08;ouvert;Equipe-01;;
X-2305;2305;2025-11-09;ouvert;Equipe-02;;
X-2306;2306;2025-11-10;ouvert;Equipe-03;;
X-2307;2307;2025-11-11;ouvert;Equipe-04;;
X-2308;2308;2025-11-12;ouvert;Equipe-05;;
X-2309;2309;2025-11-13;ouvert;Equipe-06;;
X-2310;2310;2025-11-14;clos;Equipe-07;;
X-2311;2311;2025-11-15;ouvert;Equipe-01;;
X-2312;2312;2025-11-16;ouvert;Equipe-02;;
X-2313;2313;2025-11-17;ouvert;Equipe-03;;
X-2314;2314;2025-11-18;ouvert;Equipe-04;;
X-2315;2315;2025-11-19;ouvert;Equipe-05;;
X-2316;2316;2025-11-20;ouvert;Equipe-06;;
X-2317;2317;2025-11-21;ouvert;Equipe-07;;
X-2318;2318;2025-11-22;ouvert;Equipe-01;;
X-2319;2319;2025-11-23;ouvert;Equipe-02;;
X-2320;2320;2025-11-24;ouvert;Equipe-03;;
X-2321;2321;2025-11-25;clos;Equipe-04;;
X-2322;2322;2025-11-26;ouvert;Equipe-05;;
X-2323;2323;2025-11-27;ouvert;Equipe-06;;
X-2324;2324;2025-11-28;ouvert;Equipe-07;;
X-2325;2325;2025-12-01;ouvert;Equipe-01;;
X-2326;2326;2025-12-02;ouvert;Equipe-02;;
X-2327;2327;2025-12-03;ouvert;Equipe-03;;
X-2328;2328;2025-12-04;ouvert;Equipe-04;;"Contrôle manuel demandé ; donnée entièrement fictive"
X-2329;2329;2025-12-05;ouvert;Equipe-05;;
X-2330;2330;2025-12-06;ouvert;Equipe-06;;
X-2331;2331;2025-12-07;ouvert;Equipe-07;;
X-2332;2332;2025-12-08;clos;Equipe-01;;
X-2333;2333;2025-12-09;ouvert;Equipe-02;;
X-2334;2334;2025-12-10;ouvert;Equipe-03;;
X-2335;2335;2025-12-11;ouvert;Equipe-04;;
X-2336;2336;2025-12-12;ouvert;Equipe-05;;
X-2337;2337;2025-12-13;ouvert;Equipe-06;;
X-2338;2338;2025-12-14;ouvert;Equipe-07;;
X-2339;2339;2025-12-15;ouvert;Equipe-01;;
X-2340;2340;2025-12-16;ouvert;Equipe-02;;
X-2341;2341;2025-12-17;ouvert;Equipe-03;;
X-2342;2342;2025-12-18;ouvert;Equipe-04;;
X-2343;2343;2025-12-19;clos;Equipe-05;;
X-2344;2344;2025-12-20;ouvert;Equipe-06;;
X-2345;2345;2025-12-21;ouvert;Equipe-07;;
X-2346;2346;2025-12-22;ouvert;Equipe-01;;
X-2347;2347;2025-12-23;ouvert;Equipe-02;;
X-2348;2348;2025-12-24;ouvert;Equipe-03;;
X-2349;2349;2025-12-25;ouvert;Equipe-04;;
X-2350;2350;2025-12-26;ouvert;Equipe-05;;
X-2351;2351;2025-12-27;ouvert;Equipe-06;;
X-2352;2352;2025-12-28;ouvert;Equipe-07;;
X-2353;2353;2025-01-01;ouvert;Equipe-01;;
X-2354;2354;2025-01-02;clos;Equipe-02;;
X-2355;2355;2025-01-03;ouvert;Equipe-03;;
X-2356;2356;2025-01-04;ouvert;Equipe-04;;
X-2357;2357;2025-01-05;ouvert;Equipe-05;;
X-2358;2358;2025-01-06;ouvert;Equipe-06;;
X-2359;2359;2025-01-07;ouvert;Equipe-07;;
X-2360;2360;2025-01-08;ouvert;Equipe-01;;
X-2361;2361;2025-01-09;ouvert;Equipe-02;;
X-2362;2362;2025-01-10;ouvert;Equipe-03;;
X-2363;2363;2025-01-11;ouvert;Equipe-04;;
X-2364;2364;2025-01-12;ouvert;Equipe-05;;
X-2365;2365;2025-01-13;clos;Equipe-06;;
X-2366;2366;2025-01-14;ouvert;Equipe-07;;
X-2367;2367;2025-01-15;ouvert;Equipe-01;;
X-2368;2368;2025-01-16;ouvert;Equipe-02;;
X-2369;2369;2025-01-17;ouvert;Equipe-03;;
X-2370;2370;2025-01-18;ouvert;Equipe-04;;
X-2371;2371;2025-01-19;ouvert;Equipe-05;;
X-2372;2372;2025-01-20;ouvert;Equipe-06;;
X-2373;2373;2025-01-21;ouvert;Equipe-07;;
X-2374;2374;2025-01-22;ouvert;Equipe-01;;
X-2375;2375;2025-01-23;ouvert;Equipe-02;;
X-2376;2376;2025-01-24;clos;Equipe-03;;
X-2377;2377;2025-01-25;ouvert;Equipe-04;;
X-2378;2378;2025-01-26;ouvert;Equipe-05;;
X-2379;2379;2025-01-27;ouvert;Equipe-06;;
X-2380;2380;2025-01-28;ouvert;Equipe-07;;
X-2381;2381;2025-02-01;ouvert;Equipe-01;;
X-2382;2382;2025-02-02;ouvert;Equipe-02;;
X-2383;2383;2025-02-03;ouvert;Equipe-03;;
X-2384;2384;2025-02-04;ouvert;Equipe-04;;
X-2385;2385;2025-02-05;ouvert;Equipe-05;;
X-2386;2386;2025-02-06;ouvert;Equipe-06;;
X-2387;2387;2025-02-07;clos;Equipe-07;;
X-2388;2388;2025-02-08;ouvert;Equipe-01;;
X-2389;2389;2025-02-09;ouvert;Equipe-02;;
X-2390;2390;2025-02-10;ouvert;Equipe-03;;
X-2391;2391;2025-02-11;ouvert;Equipe-04;;
X-2392;2392;2025-02-12;ouvert;Equipe-05;;
X-2393;2393;2025-02-13;ouvert;Equipe-06;;
X-2394;2394;2025-02-14;ouvert;Equipe-07;;
X-2395;2395;2025-02-15;ouvert;Equipe-01;;
X-2396;2396;2025-02-16;ouvert;Equipe-02;;
X-2397;2397;2025-02-17;ouvert;Equipe-03;;
X-2398;2398;2025-02-18;clos;Equipe-04;;
X-2399;2399;2025-02-19;ouvert;Equipe-05;;
X-2400;2400;2025-02-20;ouvert;Equipe-06;;
X-2401;2401;2025-02-21;ouvert;Equipe-07;;
X-2402;2402;2025-02-22;ouvert;Equipe-01;;
X-2403;2403;2025-02-23;ouvert;Equipe-02;;
X-2404;2404;2025-02-24;ouvert;Equipe-03;;
X-2405;2405;2025-02-25;ouvert;Equipe-04;;
X-2406;2406;2025-02-26;ouvert;Equipe-05;;
X-2407;2407;2025-02-27;ouvert;Equipe-06;;
X-2408;2408;2025-02-28;ouvert;Equipe-07;;
X-2409;2409;2025-03-01;clos;Equipe-01;;
X-2410;2410;2025-03-02;ouvert;Equipe-02;;
X-2411;2411;2025-03-03;ouvert;Equipe-03;;
X-2412;2412;2025-03-04;ouvert;Equipe-04;;
X-2413;2413;2025-03-05;ouvert;Equipe-05;;
X-2414;2414;2025-03-06;ouvert;Equipe-06;;
X-2415;2415;2025-03-07;ouvert;Equipe-07;;
X-2416;2416;2025-03-08;ouvert;Equipe-01;;
X-2417;2417;2025-03-09;ouvert;Equipe-02;;
X-2418;2418;2025-03-10;ouvert;Equipe-03;;
X-2419;2419;2025-03-11;ouvert;Equipe-04;;
X-2420;2420;2025-03-12;clos;Equipe-05;;
X-2421;2421;2025-03-13;ouvert;Equipe-06;;
X-2422;2422;2025-03-14;ouvert;Equipe-07;;
X-2423;2423;2025-03-15;ouvert;Equipe-01;;
X-2424;2424;2025-03-16;ouvert;Equipe-02;;
X-2425;2425;2025-03-17;ouvert;Equipe-03;;"Contrôle manuel demandé ; donnée entièrement fictive"
X-2426;2426;2025-03-18;ouvert;Equipe-04;;
X-2427;2427;2025-03-19;ouvert;Equipe-05;;
X-2428;2428;2025-03-20;ouvert;Equipe-06;;
X-2429;2429;2025-03-21;ouvert;Equipe-07;;
X-2430;2430;2025-03-22;ouvert;Equipe-01;;
X-2431;2431;2025-03-23;clos;Equipe-02;;
X-2432;2432;2025-03-24;ouvert;Equipe-03;;
X-2433;2433;2025-03-25;ouvert;Equipe-04;;
X-2434;2434;2025-03-26;ouvert;Equipe-05;;
X-2435;2435;2025-03-27;ouvert;Equipe-06;;
X-2436;2436;2025-03-28;ouvert;Equipe-07;;
X-2437;2437;2025-04-01;ouvert;Equipe-01;;
X-2438;2438;2025-04-02;ouvert;Equipe-02;;
X-2439;2439;2025-04-03;ouvert;Equipe-03;;
X-2440;2440;2025-04-04;ouvert;Equipe-04;;
X-2441;2441;2025-04-05;ouvert;Equipe-05;;
X-2442;2442;2025-04-06;clos;Equipe-06;;
X-2443;2443;2025-04-07;ouvert;Equipe-07;;
X-2444;2444;2025-04-08;ouvert;Equipe-01;;
X-2445;2445;2025-04-09;ouvert;Equipe-02;;
X-2446;2446;2025-04-10;ouvert;Equipe-03;;
X-2447;2447;2025-04-11;ouvert;Equipe-04;;
X-2448;2448;2025-04-12;ouvert;Equipe-05;;
X-2449;2449;2025-04-13;ouvert;Equipe-06;;
X-2450;2450;2025-04-14;ouvert;Equipe-07;;
X-2451;2451;2025-04-15;ouvert;Equipe-01;;
X-2452;2452;2025-04-16;ouvert;Equipe-02;;
X-2453;2453;2025-04-17;clos;Equipe-03;;
X-2454;2454;2025-04-18;ouvert;Equipe-04;;
X-2455;2455;2025-04-19;ouvert;Equipe-05;;
X-2456;2456;2025-04-20;ouvert;Equipe-06;;
X-2457;2457;2025-04-21;ouvert;Equipe-07;;
X-2458;2458;2025-04-22;ouvert;Equipe-01;;
X-2459;2459;2025-04-23;ouvert;Equipe-02;;
X-2460;2460;2025-04-24;ouvert;Equipe-03;;
X-2461;2461;2025-04-25;ouvert;Equipe-04;;
X-2462;2462;2025-04-26;ouvert;Equipe-05;;
X-2463;2463;2025-04-27;ouvert;Equipe-06;;
X-2464;2464;2025-04-28;clos;Equipe-07;;
X-2465;2465;2025-05-01;ouvert;Equipe-01;;
X-2466;2466;2025-05-02;ouvert;Equipe-02;;
X-2467;2467;2025-05-03;ouvert;Equipe-03;;
X-2468;2468;2025-05-04;ouvert;Equipe-04;;
X-2469;2469;2025-05-05;ouvert;Equipe-05;;
X-2470;2470;2025-05-06;ouvert;Equipe-06;;
X-2471;2471;2025-05-07;ouvert;Equipe-07;;
X-2472;2472;2025-05-08;ouvert;Equipe-01;;
X-2473;2473;2025-05-09;ouvert;Equipe-02;;
X-2474;2474;2025-05-10;ouvert;Equipe-03;;
X-2475;2475;2025-05-11;clos;Equipe-04;;
X-2476;2476;2025-05-12;ouvert;Equipe-05;;
X-2477;2477;2025-05-13;ouvert;Equipe-06;;
X-2478;2478;2025-05-14;ouvert;Equipe-07;;
X-2479;2479;2025-05-15;ouvert;Equipe-01;;
X-2480;2480;2025-05-16;ouvert;Equipe-02;;
X-2481;2481;2025-05-17;ouvert;Equipe-03;;
X-2482;2482;2025-05-18;ouvert;Equipe-04;;
X-2483;2483;2025-05-19;ouvert;Equipe-05;;
X-2484;2484;2025-05-20;ouvert;Equipe-06;;
X-2485;2485;2025-05-21;ouvert;Equipe-07;;
X-2486;2486;2025-05-22;clos;Equipe-01;;
X-2487;2487;2025-05-23;ouvert;Equipe-02;;
X-2488;2488;2025-05-24;ouvert;Equipe-03;;
X-2489;2489;2025-05-25;ouvert;Equipe-04;;
X-2490;2490;2025-05-26;ouvert;Equipe-05;;
X-2491;2491;2025-05-27;ouvert;Equipe-06;;
X-2492;2492;2025-05-28;ouvert;Equipe-07;;
X-2493;2493;2025-06-01;ouvert;Equipe-01;;
X-2494;2494;2025-06-02;ouvert;Equipe-02;;
X-2495;2495;2025-06-03;ouvert;Equipe-03;;
X-2496;2496;2025-06-04;ouvert;Equipe-04;;
X-2497;2497;2025-06-05;clos;Equipe-05;;
X-2498;2498;2025-06-06;ouvert;Equipe-06;;
X-2499;2499;2025-06-07;ouvert;Equipe-07;;
X-2500;2500;2025-06-08;ouvert;Equipe-01;;
X-2501;2501;2025-06-09;ouvert;Equipe-02;;
X-2502;2502;2025-06-10;ouvert;Equipe-03;;
X-2503;2503;2025-06-11;ouvert;Equipe-04;;
X-2504;2504;2025-06-12;ouvert;Equipe-05;;
X-2505;2505;2025-06-13;ouvert;Equipe-06;;
X-2506;2506;2025-06-14;ouvert;Equipe-07;;
X-2507;2507;2025-06-15;ouvert;Equipe-01;;
X-2508;2508;2025-06-16;clos;Equipe-02;;
X-2509;2509;2025-06-17;ouvert;Equipe-03;;
X-2510;2510;2025-06-18;ouvert;Equipe-04;;
X-2511;2511;2025-06-19;ouvert;Equipe-05;;
X-2512;2512;2025-06-20;ouvert;Equipe-06;;
X-2513;2513;2025-06-21;ouvert;Equipe-07;;
X-2514;2514;2025-06-22;ouvert;Equipe-01;;
X-2515;2515;2025-06-23;ouvert;Equipe-02;;
X-2516;2516;2025-06-24;ouvert;Equipe-03;;
X-2517;2517;2025-06-25;ouvert;Equipe-04;;
X-2518;2518;2025-06-26;ouvert;Equipe-05;;
X-2519;2519;2025-06-27;clos;Equipe-06;;
X-2520;2520;2025-06-28;ouvert;Equipe-07;;
X-2521;2521;2025-07-01;ouvert;Equipe-01;;
X-2522;2522;2025-07-02;ouvert;Equipe-02;;"Contrôle manuel demandé ; donnée entièrement fictive"
X-2523;2523;2025-07-03;ouvert;Equipe-03;;
X-2524;2524;2025-07-04;ouvert;Equipe-04;;
X-2525;2525;2025-07-05;ouvert;Equipe-05;;
X-2526;2526;2025-07-06;ouvert;Equipe-06;;
X-2527;2527;2025-07-07;ouvert;Equipe-07;;
X-2528;2528;2025-07-08;ouvert;Equipe-01;;
X-2529;2529;2025-07-09;ouvert;Equipe-02;;
X-2530;2530;2025-07-10;clos;Equipe-03;;
X-2531;2531;2025-07-11;ouvert;Equipe-04;;
X-2532;2532;2025-07-12;ouvert;Equipe-05;;
X-2533;2533;2025-07-13;ouvert;Equipe-06;;
X-2534;2534;2025-07-14;ouvert;Equipe-07;;
X-2535;2535;2025-07-15;ouvert;Equipe-01;;
X-2536;2536;2025-07-16;ouvert;Equipe-02;;
X-2537;2537;2025-07-17;ouvert;Equipe-03;;
X-2538;2538;2025-07-18;ouvert;Equipe-04;;
X-2539;2539;2025-07-19;ouvert;Equipe-05;;
X-2540;2540;2025-07-20;ouvert;Equipe-06;;
X-2541;2541;2025-07-21;clos;Equipe-07;;
X-2542;2542;2025-07-22;ouvert;Equipe-01;;
X-2543;2543;2025-07-23;ouvert;Equipe-02;;
X-2544;2544;2025-07-24;ouvert;Equipe-03;;
X-2545;2545;2025-07-25;ouvert;Equipe-04;;
X-2546;2546;2025-07-26;ouvert;Equipe-05;;
X-2547;2547;2025-07-27;ouvert;Equipe-06;;
X-2548;2548;2025-07-28;ouvert;Equipe-07;;
X-2549;2549;2025-08-01;ouvert;Equipe-01;;
X-2550;2550;2025-08-02;ouvert;Equipe-02;;
X-2551;2551;2025-08-03;ouvert;Equipe-03;;
X-2552;2552;2025-08-04;clos;Equipe-04;;
X-2553;2553;2025-08-05;ouvert;Equipe-05;;
X-2554;2554;2025-08-06;ouvert;Equipe-06;;
X-2555;2555;2025-08-07;ouvert;Equipe-07;;
X-2556;2556;2025-08-08;ouvert;Equipe-01;;
X-2557;2557;2025-08-09;ouvert;Equipe-02;;
X-2558;2558;2025-08-10;ouvert;Equipe-03;;
X-2559;2559;2025-08-11;ouvert;Equipe-04;;
X-2560;2560;2025-08-12;ouvert;Equipe-05;;
X-2561;2561;2025-08-13;ouvert;Equipe-06;;
X-2562;2562;2025-08-14;ouvert;Equipe-07;;
X-2563;2563;2025-08-15;clos;Equipe-01;;
X-2564;2564;2025-08-16;ouvert;Equipe-02;;
X-2565;2565;2025-08-17;ouvert;Equipe-03;;
X-2566;2566;2025-08-18;ouvert;Equipe-04;;
X-2567;2567;2025-08-19;ouvert;Equipe-05;;
X-2568;2568;2025-08-20;ouvert;Equipe-06;;
X-2569;2569;2025-08-21;ouvert;Equipe-07;;
X-2570;2570;2025-08-22;ouvert;Equipe-01;;
X-2571;2571;2025-08-23;ouvert;Equipe-02;;
X-2572;2572;2025-08-24;ouvert;Equipe-03;;
X-2573;2573;2025-08-25;ouvert;Equipe-04;;
X-2574;2574;2025-08-26;clos;Equipe-05;;
X-2575;2575;2025-08-27;ouvert;Equipe-06;;
X-2576;2576;2025-08-28;ouvert;Equipe-07;;
X-2577;2577;2025-09-01;ouvert;Equipe-01;;
X-2578;2578;2025-09-02;ouvert;Equipe-02;;
X-2579;2579;2025-09-03;ouvert;Equipe-03;;
X-2580;2580;2025-09-04;ouvert;Equipe-04;;
X-2581;2581;2025-09-05;ouvert;Equipe-05;;
X-2582;2582;2025-09-06;ouvert;Equipe-06;;
X-2583;2583;2025-09-07;ouvert;Equipe-07;;
X-2584;2584;2025-09-08;ouvert;Equipe-01;;
X-2585;2585;2025-09-09;clos;Equipe-02;;
X-2586;2586;2025-09-10;ouvert;Equipe-03;;
X-2587;2587;2025-09-11;ouvert;Equipe-04;;
X-2588;2588;2025-09-12;ouvert;Equipe-05;;
X-2589;2589;2025-09-13;ouvert;Equipe-06;;
X-2590;2590;2025-09-14;ouvert;Equipe-07;;
X-2591;2591;2025-09-15;ouvert;Equipe-01;;
X-2592;2592;2025-09-16;ouvert;Equipe-02;;
X-2593;2593;2025-09-17;ouvert;Equipe-03;;
X-2594;2594;2025-09-18;ouvert;Equipe-04;;
X-2595;2595;2025-09-19;ouvert;Equipe-05;;
X-2596;2596;2025-09-20;clos;Equipe-06;;
X-2597;2597;2025-09-21;ouvert;Equipe-07;;
X-2598;2598;2025-09-22;ouvert;Equipe-01;;
X-2599;2599;2025-09-23;ouvert;Equipe-02;;
X-2600;2600;2025-09-24;ouvert;Equipe-03;;
X-2601;2601;2025-09-25;ouvert;Equipe-04;;
X-2602;2602;2025-09-26;ouvert;Equipe-05;;
X-2603;2603;2025-09-27;ouvert;Equipe-06;;
X-2604;2604;2025-09-28;ouvert;Equipe-07;;
X-2605;2605;2025-10-01;ouvert;Equipe-01;;
X-2606;2606;2025-10-02;ouvert;Equipe-02;;
X-2607;2607;2025-10-03;clos;Equipe-03;;
X-2608;2608;2025-10-04;ouvert;Equipe-04;;
X-2609;2609;2025-10-05;ouvert;Equipe-05;;
X-2610;2610;2025-10-06;ouvert;Equipe-06;;
X-2611;2611;2025-10-07;ouvert;Equipe-07;;
X-2612;2612;2025-10-08;ouvert;Equipe-01;;
X-2613;2613;2025-10-09;ouvert;Equipe-02;;
X-2614;2614;2025-10-10;ouvert;Equipe-03;;
X-2615;2615;2025-10-11;ouvert;Equipe-04;;
X-2616;2616;2025-10-12;ouvert;Equipe-05;;
X-2617;2617;2025-10-13;ouvert;Equipe-06;;
X-2618;2618;2025-10-14;clos;Equipe-07;;
X-2619;2619;2025-10-15;ouvert;Equipe-01;;"Contrôle manuel demandé ; donnée entièrement fictive"
X-2620;2620;2025-10-16;ouvert;Equipe-02;;
X-2621;2621;2025-10-17;ouvert;Equipe-03;;
X-2622;2622;2025-10-18;ouvert;Equipe-04;;
X-2623;2623;2025-10-19;ouvert;Equipe-05;;
X-2624;2624;2025-10-20;ouvert;Equipe-06;;
X-2625;2625;2025-10-21;ouvert;Equipe-07;;
X-2626;2626;2025-10-22;ouvert;Equipe-01;;
X-2627;2627;2025-10-23;ouvert;Equipe-02;;
X-2628;2628;2025-10-24;ouvert;Equipe-03;;
X-2629;2629;2025-10-25;clos;Equipe-04;;
X-2630;2630;2025-10-26;ouvert;Equipe-05;;
X-2631;2631;2025-10-27;ouvert;Equipe-06;;
X-2632;2632;2025-10-28;ouvert;Equipe-07;;
X-2633;2633;2025-11-01;ouvert;Equipe-01;;
X-2634;2634;2025-11-02;ouvert;Equipe-02;;
X-2635;2635;2025-11-03;ouvert;Equipe-03;;
X-2636;2636;2025-11-04;ouvert;Equipe-04;;
X-2637;2637;2025-11-05;ouvert;Equipe-05;;
X-2638;2638;2025-11-06;ouvert;Equipe-06;;
X-2639;2639;2025-11-07;ouvert;Equipe-07;;
X-2640;2640;2025-11-08;clos;Equipe-01;;
X-2641;2641;2025-11-09;ouvert;Equipe-02;;
X-2642;2642;2025-11-10;ouvert;Equipe-03;;
X-2643;2643;2025-11-11;ouvert;Equipe-04;;
X-2644;2644;2025-11-12;ouvert;Equipe-05;;
X-2645;2645;2025-11-13;ouvert;Equipe-06;;
X-2646;2646;2025-11-14;ouvert;Equipe-07;;
X-2647;2647;2025-11-15;ouvert;Equipe-01;;
X-2648;2648;2025-11-16;ouvert;Equipe-02;;
X-2649;2649;2025-11-17;ouvert;Equipe-03;;
X-2650;2650;2025-11-18;ouvert;Equipe-04;;
X-2651;2651;2025-11-19;clos;Equipe-05;;
X-2652;2652;2025-11-20;ouvert;Equipe-06;;
X-2653;2653;2025-11-21;ouvert;Equipe-07;;
X-2654;2654;2025-11-22;ouvert;Equipe-01;;
X-2655;2655;2025-11-23;ouvert;Equipe-02;;
X-2656;2656;2025-11-24;ouvert;Equipe-03;;
X-2657;2657;2025-11-25;ouvert;Equipe-04;;
X-2658;2658;2025-11-26;ouvert;Equipe-05;;
X-2659;2659;2025-11-27;ouvert;Equipe-06;;
X-2660;2660;2025-11-28;ouvert;Equipe-07;;
X-2661;2661;2025-12-01;ouvert;Equipe-01;;
X-2662;2662;2025-12-02;clos;Equipe-02;;
X-2663;2663;2025-12-03;ouvert;Equipe-03;;
X-2664;2664;2025-12-04;ouvert;Equipe-04;;
X-2665;2665;2025-12-05;ouvert;Equipe-05;;
X-2666;2666;2025-12-06;ouvert;Equipe-06;;
X-2667;2667;2025-12-07;ouvert;Equipe-07;;
X-2668;2668;2025-12-08;ouvert;Equipe-01;;
X-2669;2669;2025-12-09;ouvert;Equipe-02;;
X-2670;2670;2025-12-10;ouvert;Equipe-03;;
X-2671;2671;2025-12-11;ouvert;Equipe-04;;
X-2672;2672;2025-12-12;ouvert;Equipe-05;;
X-2673;2673;2025-12-13;clos;Equipe-06;;
X-2674;2674;2025-12-14;ouvert;Equipe-07;;
X-2675;2675;2025-12-15;ouvert;Equipe-01;;
X-2676;2676;2025-12-16;ouvert;Equipe-02;;
X-2677;2677;2025-12-17;ouvert;Equipe-03;;
X-2678;2678;2025-12-18;ouvert;Equipe-04;;
X-2679;2679;2025-12-19;ouvert;Equipe-05;;
X-2680;2680;2025-12-20;ouvert;Equipe-06;;
X-2681;2681;2025-12-21;ouvert;Equipe-07;;
X-2682;2682;2025-12-22;ouvert;Equipe-01;;
X-2683;2683;2025-12-23;ouvert;Equipe-02;;
X-2684;2684;2025-12-24;clos;Equipe-03;;
X-2685;2685;2025-12-25;ouvert;Equipe-04;;
X-2686;2686;2025-12-26;ouvert;Equipe-05;;
X-2687;2687;2025-12-27;ouvert;Equipe-06;;
X-2688;2688;2025-12-28;ouvert;Equipe-07;;
X-2689;2689;2025-01-01;ouvert;Equipe-01;;
X-2690;2690;2025-01-02;ouvert;Equipe-02;;
X-2691;2691;2025-01-03;ouvert;Equipe-03;;
X-2692;2692;2025-01-04;ouvert;Equipe-04;;
X-2693;2693;2025-01-05;ouvert;Equipe-05;;
X-2694;2694;2025-01-06;ouvert;Equipe-06;;
X-2695;2695;2025-01-07;clos;Equipe-07;;
X-2696;2696;2025-01-08;ouvert;Equipe-01;;
X-2697;2697;2025-01-09;ouvert;Equipe-02;;
X-2698;2698;2025-01-10;ouvert;Equipe-03;;
X-2699;2699;2025-01-11;ouvert;Equipe-04;;
X-2700;2700;2025-01-12;ouvert;Equipe-05;;
X-2701;2701;2025-01-13;ouvert;Equipe-06;;
X-2702;2702;2025-01-14;ouvert;Equipe-07;;
X-2703;2703;2025-01-15;ouvert;Equipe-01;;
X-2704;2704;2025-01-16;ouvert;Equipe-02;;
X-2705;2705;2025-01-17;ouvert;Equipe-03;;
X-2706;2706;2025-01-18;clos;Equipe-04;;
X-2707;2707;2025-01-19;ouvert;Equipe-05;;
X-2708;2708;2025-01-20;ouvert;Equipe-06;;
X-2709;2709;2025-01-21;ouvert;Equipe-07;;
X-2710;2710;2025-01-22;ouvert;Equipe-01;;
X-2711;2711;2025-01-23;ouvert;Equipe-02;;
X-2712;2712;2025-01-24;ouvert;Equipe-03;;
X-2713;2713;2025-01-25;ouvert;Equipe-04;;
X-2714;2714;2025-01-26;ouvert;Equipe-05;;
X-2715;2715;2025-01-27;ouvert;Equipe-06;;
X-2716;2716;2025-01-28;ouvert;Equipe-07;;"Contrôle manuel demandé ; donnée entièrement fictive"
X-2717;2717;2025-02-01;clos;Equipe-01;;
X-2718;2718;2025-02-02;ouvert;Equipe-02;;
X-2719;2719;2025-02-03;ouvert;Equipe-03;;
X-2720;2720;2025-02-04;ouvert;Equipe-04;;
X-2721;2721;2025-02-05;ouvert;Equipe-05;;
X-2722;2722;2025-02-06;ouvert;Equipe-06;;
X-2723;2723;2025-02-07;ouvert;Equipe-07;;
X-2724;2724;2025-02-08;ouvert;Equipe-01;;
X-2725;2725;2025-02-09;ouvert;Equipe-02;;
X-2726;2726;2025-02-10;ouvert;Equipe-03;;
X-2727;2727;2025-02-11;ouvert;Equipe-04;;
X-2728;2728;2025-02-12;clos;Equipe-05;;
X-2729;2729;2025-02-13;ouvert;Equipe-06;;
X-2730;2730;2025-02-14;ouvert;Equipe-07;;
X-2731;2731;2025-02-15;ouvert;Equipe-01;;
X-2732;2732;2025-02-16;ouvert;Equipe-02;;
X-2733;2733;2025-02-17;ouvert;Equipe-03;;
X-2734;2734;2025-02-18;ouvert;Equipe-04;;
X-2735;2735;2025-02-19;ouvert;Equipe-05;;
X-2736;2736;2025-02-20;ouvert;Equipe-06;;
X-2737;2737;2025-02-21;ouvert;Equipe-07;;
X-2738;2738;2025-02-22;ouvert;Equipe-01;;
X-2739;2739;2025-02-23;clos;Equipe-02;;
X-2740;2740;2025-02-24;ouvert;Equipe-03;;
X-2741;2741;2025-02-25;ouvert;Equipe-04;;
X-2742;2742;2025-02-26;ouvert;Equipe-05;;
X-2743;2743;2025-02-27;ouvert;Equipe-06;;
X-2744;2744;2025-02-28;ouvert;Equipe-07;;
X-2745;2745;2025-03-01;ouvert;Equipe-01;;
X-2746;2746;2025-03-02;ouvert;Equipe-02;;
X-2747;2747;2025-03-03;ouvert;Equipe-03;;
X-2748;2748;2025-03-04;ouvert;Equipe-04;;
X-2749;2749;2025-03-05;ouvert;Equipe-05;;
X-2750;2750;2025-03-06;clos;Equipe-06;;
X-2751;2751;2025-03-07;ouvert;Equipe-07;;
X-2752;2752;2025-03-08;ouvert;Equipe-01;;
X-2753;2753;2025-03-09;ouvert;Equipe-02;;
X-2754;2754;2025-03-10;ouvert;Equipe-03;;
X-2755;2755;2025-03-11;ouvert;Equipe-04;;
X-2756;2756;2025-03-12;ouvert;Equipe-05;;
X-2757;2757;2025-03-13;ouvert;Equipe-06;;
X-2758;2758;2025-03-14;ouvert;Equipe-07;;
X-2759;2759;2025-03-15;ouvert;Equipe-01;;
X-2760;2760;2025-03-16;ouvert;Equipe-02;;
X-2761;2761;2025-03-17;clos;Equipe-03;;
X-2762;2762;2025-03-18;ouvert;Equipe-04;;
X-2763;2763;2025-03-19;ouvert;Equipe-05;;
X-2764;2764;2025-03-20;ouvert;Equipe-06;;
X-2765;2765;2025-03-21;ouvert;Equipe-07;;
X-2766;2766;2025-03-22;ouvert;Equipe-01;;
X-2767;2767;2025-03-23;ouvert;Equipe-02;;
X-2768;2768;2025-03-24;ouvert;Equipe-03;;
X-2769;2769;2025-03-25;ouvert;Equipe-04;;
X-2770;2770;2025-03-26;ouvert;Equipe-05;;
X-2771;2771;2025-03-27;ouvert;Equipe-06;;
X-2772;2772;2025-03-28;clos;Equipe-07;;
X-2773;2773;2025-04-01;ouvert;Equipe-01;;
X-2774;2774;2025-04-02;ouvert;Equipe-02;;
X-2775;2775;2025-04-03;ouvert;Equipe-03;;
X-2776;2776;2025-04-04;ouvert;Equipe-04;;
X-2777;2777;2025-04-05;ouvert;Equipe-05;;
X-2778;2778;2025-04-06;ouvert;Equipe-06;;
X-2779;2779;2025-04-07;ouvert;Equipe-07;;
X-2780;2780;2025-04-08;ouvert;Equipe-01;;
X-2781;2781;2025-04-09;ouvert;Equipe-02;;
X-2782;2782;2025-04-10;ouvert;Equipe-03;;
X-2783;2783;2025-04-11;clos;Equipe-04;;
X-2784;2784;2025-04-12;ouvert;Equipe-05;;
X-2785;2785;2025-04-13;ouvert;Equipe-06;;
X-2786;2786;2025-04-14;ouvert;Equipe-07;;
X-2787;2787;2025-04-15;ouvert;Equipe-01;;
X-2788;2788;2025-04-16;ouvert;Equipe-02;;
X-2789;2789;2025-04-17;ouvert;Equipe-03;;
X-2790;2790;2025-04-18;ouvert;Equipe-04;;
X-2791;2791;2025-04-19;ouvert;Equipe-05;;
X-2792;2792;2025-04-20;ouvert;Equipe-06;;
X-2793;2793;2025-04-21;ouvert;Equipe-07;;
X-2794;2794;2025-04-22;clos;Equipe-01;;
X-2795;2795;2025-04-23;ouvert;Equipe-02;;
X-2796;2796;2025-04-24;ouvert;Equipe-03;;
X-2797;2797;2025-04-25;ouvert;Equipe-04;;
X-2798;2798;2025-04-26;ouvert;Equipe-05;;
X-2799;2799;2025-04-27;ouvert;Equipe-06;;
X-2800;2800;2025-04-28;ouvert;Equipe-07;;
X-2801;2801;2025-05-01;ouvert;Equipe-01;;
X-2802;2802;2025-05-02;ouvert;Equipe-02;;
X-2803;2803;2025-05-03;ouvert;Equipe-03;;
X-2804;2804;2025-05-04;ouvert;Equipe-04;;
X-2805;2805;2025-05-05;clos;Equipe-05;;
X-2806;2806;2025-05-06;ouvert;Equipe-06;;
X-2807;2807;2025-05-07;ouvert;Equipe-07;;
X-2808;2808;2025-05-08;ouvert;Equipe-01;;
X-2809;2809;2025-05-09;ouvert;Equipe-02;;
X-2810;2810;2025-05-10;ouvert;Equipe-03;;
X-2811;2811;2025-05-11;ouvert;Equipe-04;;
X-2812;2812;2025-05-12;ouvert;Equipe-05;;
X-2813;2813;2025-05-13;ouvert;Equipe-06;;"Contrôle manuel demandé ; donnée entièrement fictive"
X-2814;2814;2025-05-14;ouvert;Equipe-07;;
X-2815;2815;2025-05-15;ouvert;Equipe-01;;
X-2816;2816;2025-05-16;clos;Equipe-02;;
X-2817;2817;2025-05-17;ouvert;Equipe-03;;
X-2818;2818;2025-05-18;ouvert;Equipe-04;;
X-2819;2819;2025-05-19;ouvert;Equipe-05;;
X-2820;2820;2025-05-20;ouvert;Equipe-06;;
X-2821;2821;2025-05-21;ouvert;Equipe-07;;
X-2822;2822;2025-05-22;ouvert;Equipe-01;;
X-2823;2823;2025-05-23;ouvert;Equipe-02;;
X-2824;2824;2025-05-24;ouvert;Equipe-03;;
X-2825;2825;2025-05-25;ouvert;Equipe-04;;
X-2826;2826;2025-05-26;ouvert;Equipe-05;;
X-2827;2827;2025-05-27;clos;Equipe-06;;
X-2828;2828;2025-05-28;ouvert;Equipe-07;;
X-2829;2829;2025-06-01;ouvert;Equipe-01;;
X-2830;2830;2025-06-02;ouvert;Equipe-02;;
X-2831;2831;2025-06-03;ouvert;Equipe-03;;
X-2832;2832;2025-06-04;ouvert;Equipe-04;;
X-2833;2833;2025-06-05;ouvert;Equipe-05;;
X-2834;2834;2025-06-06;ouvert;Equipe-06;;
X-2835;2835;2025-06-07;ouvert;Equipe-07;;
X-2836;2836;2025-06-08;ouvert;Equipe-01;;
X-2837;2837;2025-06-09;ouvert;Equipe-02;;
X-2838;2838;2025-06-10;clos;Equipe-03;;
X-2839;2839;2025-06-11;ouvert;Equipe-04;;
X-2840;2840;2025-06-12;ouvert;Equipe-05;;
X-2841;2841;2025-06-13;ouvert;Equipe-06;;
X-2842;2842;2025-06-14;ouvert;Equipe-07;;
X-2843;2843;2025-06-15;ouvert;Equipe-01;;
X-2844;2844;2025-06-16;ouvert;Equipe-02;;
X-2845;2845;2025-06-17;ouvert;Equipe-03;;
X-2846;2846;2025-06-18;ouvert;Equipe-04;;
X-2847;2847;2025-06-19;ouvert;Equipe-05;;
X-2848;2848;2025-06-20;ouvert;Equipe-06;;
X-2849;2849;2025-06-21;clos;Equipe-07;;
X-2850;2850;2025-06-22;ouvert;Equipe-01;;
X-2851;2851;2025-06-23;ouvert;Equipe-02;;
X-2852;2852;2025-06-24;ouvert;Equipe-03;;
X-2853;2853;2025-06-25;ouvert;Equipe-04;;
X-2854;2854;2025-06-26;ouvert;Equipe-05;;
X-2855;2855;2025-06-27;ouvert;Equipe-06;;
X-2856;2856;2025-06-28;ouvert;Equipe-07;;
X-2857;2857;2025-07-01;ouvert;Equipe-01;;
X-2858;2858;2025-07-02;ouvert;Equipe-02;;
X-2859;2859;2025-07-03;ouvert;Equipe-03;;
X-2860;2860;2025-07-04;clos;Equipe-04;;
X-2861;2861;2025-07-05;ouvert;Equipe-05;;
X-2862;2862;2025-07-06;ouvert;Equipe-06;;
X-2863;2863;2025-07-07;ouvert;Equipe-07;;
X-2864;2864;2025-07-08;ouvert;Equipe-01;;
X-2865;2865;2025-07-09;ouvert;Equipe-02;;
X-2866;2866;2025-07-10;ouvert;Equipe-03;;
X-2867;2867;2025-07-11;ouvert;Equipe-04;;
X-2868;2868;2025-07-12;ouvert;Equipe-05;;
X-2869;2869;2025-07-13;ouvert;Equipe-06;;
X-2870;2870;2025-07-14;ouvert;Equipe-07;;
X-2871;2871;2025-07-15;clos;Equipe-01;;
X-2872;2872;2025-07-16;ouvert;Equipe-02;;
X-2873;2873;2025-07-17;ouvert;Equipe-03;;
X-2874;2874;2025-07-18;ouvert;Equipe-04;;
X-2875;2875;2025-07-19;ouvert;Equipe-05;;
X-2876;2876;2025-07-20;ouvert;Equipe-06;;
X-2877;2877;2025-07-21;ouvert;Equipe-07;;
X-2878;2878;2025-07-22;ouvert;Equipe-01;;
X-2879;2879;2025-07-23;ouvert;Equipe-02;;
X-2880;2880;2025-07-24;ouvert;Equipe-03;;
X-2881;2881;2025-07-25;ouvert;Equipe-04;;
X-2882;2882;2025-07-26;clos;Equipe-05;;
X-2883;2883;2025-07-27;ouvert;Equipe-06;;
X-2884;2884;2025-07-28;ouvert;Equipe-07;;
X-2885;2885;2025-08-01;ouvert;Equipe-01;;
X-2886;2886;2025-08-02;ouvert;Equipe-02;;
X-2887;2887;2025-08-03;ouvert;Equipe-03;;
X-2888;2888;2025-08-04;ouvert;Equipe-04;;
X-2889;2889;2025-08-05;ouvert;Equipe-05;;
X-2890;2890;2025-08-06;ouvert;Equipe-06;;
X-2891;2891;2025-08-07;ouvert;Equipe-07;;
X-2892;2892;2025-08-08;ouvert;Equipe-01;;
X-2893;2893;2025-08-09;clos;Equipe-02;;
X-2894;2894;2025-08-10;ouvert;Equipe-03;;
X-2895;2895;2025-08-11;ouvert;Equipe-04;;
X-2896;2896;2025-08-12;ouvert;Equipe-05;;
X-2897;2897;2025-08-13;ouvert;Equipe-06;;
X-2898;2898;2025-08-14;ouvert;Equipe-07;;
X-2899;2899;2025-08-15;ouvert;Equipe-01;;
X-2900;2900;2025-08-16;ouvert;Equipe-02;;
X-2901;2901;2025-08-17;ouvert;Equipe-03;;
X-2902;2902;2025-08-18;ouvert;Equipe-04;;
X-2903;2903;2025-08-19;ouvert;Equipe-05;;
X-2904;2904;2025-08-20;clos;Equipe-06;;
X-2905;2905;2025-08-21;ouvert;Equipe-07;;
X-2906;2906;2025-08-22;ouvert;Equipe-01;;
X-2907;2907;2025-08-23;ouvert;Equipe-02;;
X-2908;2908;2025-08-24;ouvert;Equipe-03;;
X-2909;2909;2025-08-25;ouvert;Equipe-04;;
X-2910;2910;2025-08-26;ouvert;Equipe-05;;"Contrôle manuel demandé ; donnée entièrement fictive"
X-2911;2911;2025-08-27;ouvert;Equipe-06;;
X-2912;2912;2025-08-28;ouvert;Equipe-07;;
X-2913;2913;2025-09-01;ouvert;Equipe-01;;
X-2914;2914;2025-09-02;ouvert;Equipe-02;;
X-2915;2915;2025-09-03;clos;Equipe-03;;
X-2916;2916;2025-09-04;ouvert;Equipe-04;;
X-2917;2917;2025-09-05;ouvert;Equipe-05;;
X-2918;2918;2025-09-06;ouvert;Equipe-06;;
X-2919;2919;2025-09-07;ouvert;Equipe-07;;
X-2920;2920;2025-09-08;ouvert;Equipe-01;;
X-2921;2921;2025-09-09;ouvert;Equipe-02;;
X-2922;2922;2025-09-10;ouvert;Equipe-03;;
X-2923;2923;2025-09-11;ouvert;Equipe-04;;
X-2924;2924;2025-09-12;ouvert;Equipe-05;;
X-2925;2925;2025-09-13;ouvert;Equipe-06;;
X-2926;2926;2025-09-14;clos;Equipe-07;;
X-2927;2927;2025-09-15;ouvert;Equipe-01;;
X-2928;2928;2025-09-16;ouvert;Equipe-02;;
X-2929;2929;2025-09-17;ouvert;Equipe-03;;
X-2930;2930;2025-09-18;ouvert;Equipe-04;;
X-2931;2931;2025-09-19;ouvert;Equipe-05;;
X-2932;2932;2025-09-20;ouvert;Equipe-06;;
X-2933;2933;2025-09-21;ouvert;Equipe-07;;
X-2934;2934;2025-09-22;ouvert;Equipe-01;;
X-2935;2935;2025-09-23;ouvert;Equipe-02;;
X-2936;2936;2025-09-24;ouvert;Equipe-03;;
X-2937;2937;2025-09-25;clos;Equipe-04;;
X-2938;2938;2025-09-26;ouvert;Equipe-05;;
X-2939;2939;2025-09-27;ouvert;Equipe-06;;
X-2940;2940;2025-09-28;ouvert;Equipe-07;;
X-2941;2941;2025-10-01;ouvert;Equipe-01;;
X-2942;2942;2025-10-02;ouvert;Equipe-02;;
X-2943;2943;2025-10-03;ouvert;Equipe-03;;
X-2944;2944;2025-10-04;ouvert;Equipe-04;;
X-2945;2945;2025-10-05;ouvert;Equipe-05;;
X-2946;2946;2025-10-06;ouvert;Equipe-06;;
X-2947;2947;2025-10-07;ouvert;Equipe-07;;
X-2948;2948;2025-10-08;clos;Equipe-01;;
X-2949;2949;2025-10-09;ouvert;Equipe-02;;
X-2950;2950;2025-10-10;ouvert;Equipe-03;;
X-2951;2951;2025-10-11;ouvert;Equipe-04;;
X-2952;2952;2025-10-12;ouvert;Equipe-05;;
X-2953;2953;2025-10-13;ouvert;Equipe-06;;
X-2954;2954;2025-10-14;ouvert;Equipe-07;;
X-2955;2955;2025-10-15;ouvert;Equipe-01;;
X-2956;2956;2025-10-16;ouvert;Equipe-02;;
X-2957;2957;2025-10-17;ouvert;Equipe-03;;
X-2958;2958;2025-10-18;ouvert;Equipe-04;;
X-2959;2959;2025-10-19;clos;Equipe-05;;
X-2960;2960;2025-10-20;ouvert;Equipe-06;;
X-2961;2961;2025-10-21;ouvert;Equipe-07;;
X-2962;2962;2025-10-22;ouvert;Equipe-01;;
X-2963;2963;2025-10-23;ouvert;Equipe-02;;
X-2964;2964;2025-10-24;ouvert;Equipe-03;;
X-2965;2965;2025-10-25;ouvert;Equipe-04;;
X-2966;2966;2025-10-26;ouvert;Equipe-05;;
X-2967;2967;2025-10-27;ouvert;Equipe-06;;
X-2968;2968;2025-10-28;ouvert;Equipe-07;;
X-2969;2969;2025-11-01;ouvert;Equipe-01;;
X-2970;2970;2025-11-02;clos;Equipe-02;;
X-2971;2971;2025-11-03;ouvert;Equipe-03;;
X-2972;2972;2025-11-04;ouvert;Equipe-04;;
X-2973;2973;2025-11-05;ouvert;Equipe-05;;
X-2974;2974;2025-11-06;ouvert;Equipe-06;;
X-2975;2975;2025-11-07;ouvert;Equipe-07;;
X-2976;2976;2025-11-08;ouvert;Equipe-01;;
X-2977;2977;2025-11-09;ouvert;Equipe-02;;
X-2978;2978;2025-11-10;ouvert;Equipe-03;;
X-2979;2979;2025-11-11;ouvert;Equipe-04;;
X-2980;2980;2025-11-12;ouvert;Equipe-05;;
X-2981;2981;2025-11-13;clos;Equipe-06;;
X-2982;2982;2025-11-14;ouvert;Equipe-07;;
X-2983;2983;2025-11-15;ouvert;Equipe-01;;
X-2984;2984;2025-11-16;ouvert;Equipe-02;;
X-2985;2985;2025-11-17;ouvert;Equipe-03;;
X-2986;2986;2025-11-18;ouvert;Equipe-04;;
X-2987;2987;2025-11-19;ouvert;Equipe-05;;
X-2988;2988;2025-11-20;ouvert;Equipe-06;;
X-2989;2989;2025-11-21;ouvert;Equipe-07;;
X-2990;2990;2025-11-22;ouvert;Equipe-01;;
X-2991;2991;2025-11-23;ouvert;Equipe-02;;
X-2992;2992;2025-11-24;clos;Equipe-03;;
X-2993;2993;2025-11-25;ouvert;Equipe-04;;
X-2994;2994;2025-11-26;ouvert;Equipe-05;;
X-2995;2995;2025-11-27;ouvert;Equipe-06;;
X-2996;2996;2025-11-28;ouvert;Equipe-07;;
X-2997;2997;2025-12-01;ouvert;Equipe-01;;
X-2998;2998;2025-12-02;ouvert;Equipe-02;;
X-2999;2999;2025-12-03;ouvert;Equipe-03;;
X-3000;3000;2025-12-04;ouvert;Equipe-04;;
X-3001;3001;2025-12-05;ouvert;Equipe-05;;
X-3002;3002;2025-12-06;ouvert;Equipe-06;;
X-3003;3003;2025-12-07;clos;Equipe-07;;
X-3004;3004;2025-12-08;ouvert;Equipe-01;;
X-3005;3005;2025-12-09;ouvert;Equipe-02;;
X-3006;3006;2025-12-10;ouvert;Equipe-03;;
X-3007;3007;2025-12-11;ouvert;Equipe-04;;"Contrôle manuel demandé ; donnée entièrement fictive"
X-3008;3008;2025-12-12;ouvert;Equipe-05;;
X-3009;3009;2025-12-13;ouvert;Equipe-06;;
X-3010;3010;2025-12-14;ouvert;Equipe-07;;
X-3011;3011;2025-12-15;ouvert;Equipe-01;;
X-3012;3012;2025-12-16;ouvert;Equipe-02;;
X-3013;3013;2025-12-17;ouvert;Equipe-03;;
X-3014;3014;2025-12-18;clos;Equipe-04;;
X-3015;3015;2025-12-19;ouvert;Equipe-05;;
X-3016;3016;2025-12-20;ouvert;Equipe-06;;
X-3017;3017;2025-12-21;ouvert;Equipe-07;;
X-3018;3018;2025-12-22;ouvert;Equipe-01;;
X-3019;3019;2025-12-23;ouvert;Equipe-02;;
X-3020;3020;2025-12-24;ouvert;Equipe-03;;
X-3021;3021;2025-12-25;ouvert;Equipe-04;;
X-3022;3022;2025-12-26;ouvert;Equipe-05;;
X-3023;3023;2025-12-27;ouvert;Equipe-06;;
X-3024;3024;2025-12-28;ouvert;Equipe-07;;
X-3025;3025;2025-01-01;clos;Equipe-01;;
X-3026;3026;2025-01-02;ouvert;Equipe-02;;
X-3027;3027;2025-01-03;ouvert;Equipe-03;;
X-3028;3028;2025-01-04;ouvert;Equipe-04;;
X-3029;3029;2025-01-05;ouvert;Equipe-05;;
X-3030;3030;2025-01-06;ouvert;Equipe-06;;
X-3031;3031;2025-01-07;ouvert;Equipe-07;;
X-3032;3032;2025-01-08;ouvert;Equipe-01;;
X-3033;3033;2025-01-09;ouvert;Equipe-02;;
X-3034;3034;2025-01-10;ouvert;Equipe-03;;
X-3035;3035;2025-01-11;ouvert;Equipe-04;;
X-3036;3036;2025-01-12;clos;Equipe-05;;
X-3037;3037;2025-01-13;ouvert;Equipe-06;;
X-3038;3038;2025-01-14;ouvert;Equipe-07;;
X-3039;3039;2025-01-15;ouvert;Equipe-01;;
X-3040;3040;2025-01-16;ouvert;Equipe-02;;
X-3041;3041;2025-01-17;ouvert;Equipe-03;;
X-3042;3042;2025-01-18;ouvert;Equipe-04;;
X-3043;3043;2025-01-19;ouvert;Equipe-05;;
X-3044;3044;2025-01-20;ouvert;Equipe-06;;
X-3045;3045;2025-01-21;ouvert;Equipe-07;;
X-3046;3046;2025-01-22;ouvert;Equipe-01;;
X-3047;3047;2025-01-23;clos;Equipe-02;;
X-3048;3048;2025-01-24;ouvert;Equipe-03;;
X-3049;3049;2025-01-25;ouvert;Equipe-04;;
X-3050;3050;2025-01-26;ouvert;Equipe-05;;
